update,step,policy_loss,value_loss,entropy,approx_kl,clip_fraction,explained_variance,lr
1,1998,0.00518,0.90865,-0.23611,0.015054,0.4327,-0.0192,0.000999
2,3996,-0.00831,0.81914,-0.26405,0.005652,0.2761,0.2722,0.000998
3,5994,-0.01119,0.83806,-0.26328,0.005696,0.2848,0.4406,0.000997
4,7992,-0.01334,0.67539,-0.26775,0.004827,0.2447,0.6036,0.000996
5,9990,-0.02197,0.56832,-0.28195,0.006587,0.3279,0.5921,0.000995
6,11988,-0.02287,0.62816,-0.28454,0.009501,0.3938,0.1488,0.000994
7,13986,-0.02457,0.52785,-0.28136,0.008822,0.3615,0.2983,0.000993
8,15984,-0.02817,0.5576,-0.27971,0.008572,0.3517,0.2367,0.000992
9,17982,-0.02401,0.63172,-0.29933,0.012819,0.4538,0.0397,0.000991
10,19980,-0.031,0.71042,-0.30207,0.0132,0.4587,0.3313,0.00099
11,21978,-0.03069,0.57448,-0.29721,0.015653,0.484,0.5228,0.000989
12,23976,-0.02583,0.64431,-0.30039,0.019975,0.5052,0.5075,0.000988
13,25974,-0.02265,0.58371,-0.31955,0.018942,0.506,0.3223,0.000987
14,27972,-0.02129,0.69453,-0.32124,0.018832,0.5254,0.4962,0.000986
15,29970,-0.01651,0.84657,-0.33428,0.021474,0.5453,0.4827,0.000985
16,31968,-0.0258,0.73199,-0.36984,0.019205,0.5348,0.5884,0.000984
17,33966,-0.01859,0.786,-0.38548,0.024543,0.5617,0.5888,0.000983
18,35964,-0.0217,0.73158,-0.40779,0.023534,0.5581,0.7132,0.000982
19,37962,-0.02317,0.79193,-0.34529,0.022927,0.56,0.6928,0.000981
20,39960,-0.02004,0.83072,-0.35657,0.029049,0.5674,0.6324,0.00098
21,41958,-0.02005,0.74958,-0.36274,0.02406,0.5407,0.7712,0.000979
22,43956,-0.02294,0.90662,-0.34365,0.027358,0.5793,0.6346,0.000978
23,45954,-0.01938,0.9768,-0.34602,0.03583,0.5922,0.5893,0.000977
24,47952,-0.01175,0.9951,-0.37479,0.033176,0.6033,0.6572,0.000976
25,49950,-0.01524,1.05011,-0.36283,0.028974,0.5769,0.7303,0.000975
26,51948,-0.01032,1.0317,-0.33377,0.030591,0.5798,0.7373,0.000974
27,53946,-0.01386,1.0111,-0.35762,0.025617,0.5508,0.6465,0.000973
28,55944,-0.01585,0.99616,-0.36954,0.027396,0.5502,0.6789,0.000972
29,57942,-0.01944,0.96101,-0.39002,0.025624,0.5474,0.7275,0.000971
30,59940,-0.0145,1.14903,-0.33446,0.028836,0.5455,0.7377,0.00097
31,61938,-0.01486,0.99659,-0.31944,0.026851,0.5315,0.6957,0.000969
32,63936,-0.01245,1.1442,-0.32091,0.027141,0.5648,0.6302,0.000968
33,65934,-0.00542,1.26028,-0.33378,0.031245,0.5768,0.5612,0.000967
34,67932,-0.01289,1.16037,-0.32088,0.022518,0.5021,0.7587,0.000966
35,69930,-0.01354,1.28603,-0.32821,0.033224,0.5422,0.6754,0.000965
36,71928,-0.01371,0.95456,-0.35173,0.032812,0.5504,0.7252,0.000964
37,73926,-0.01836,1.03387,-0.31343,0.034895,0.5713,0.7041,0.000963
38,75924,-0.01577,0.94178,-0.30881,0.029558,0.5569,0.7829,0.000962
39,77922,-0.01484,1.20861,-0.26782,0.031781,0.5386,0.6721,0.000961
40,79920,-0.0111,0.98566,-0.28973,0.035569,0.555,0.7372,0.00096
41,81918,-0.01912,1.01103,-0.28672,0.027973,0.5646,0.7404,0.000959
42,83916,-0.01755,1.00102,-0.30026,0.028561,0.5288,0.7169,0.000958
43,85914,-0.01479,1.30746,-0.31155,0.028369,0.5664,0.5814,0.000957
44,87912,-0.01487,1.24275,-0.31603,0.032381,0.5629,0.5745,0.000956
45,89910,-0.01237,1.20127,-0.3172,0.038977,0.6005,0.5172,0.000955
46,91908,-0.01651,1.32317,-0.36282,0.03369,0.5792,0.6884,0.000954
47,93906,-0.00833,1.59128,-0.36338,0.039896,0.5975,0.6899,0.000953
48,95904,-0.01078,1.63416,-0.33711,0.044382,0.5826,0.632,0.000952
49,97902,-0.00779,1.60107,-0.3819,0.039637,0.5843,0.6785,0.000951
50,99900,-0.00559,1.47937,-0.4684,0.044729,0.6019,0.6628,0.00095
51,101898,-0.00935,1.50031,-0.4278,0.043785,0.6309,0.6554,0.0009491
52,103896,-0.00533,1.53066,-0.44331,0.037049,0.5966,0.7197,0.0009481
53,105894,-0.00597,1.67845,-0.46561,0.048112,0.6014,0.716,0.0009471
54,107892,-0.00995,1.63189,-0.48342,0.03891,0.583,0.708,0.0009461
55,109890,-0.01041,1.78863,-0.45029,0.046506,0.5572,0.7436,0.0009451
56,111888,-0.00678,2.07778,-0.5494,0.041113,0.5764,0.6881,0.0009441
57,113886,-0.00786,2.09926,-0.51106,0.048966,0.551,0.739,0.0009431
58,115884,-0.00403,2.08314,-0.49262,0.047701,0.5675,0.704,0.0009421
59,117882,0.00067,2.23898,-0.57321,0.044603,0.5769,0.7278,0.0009411
60,119880,-0.00652,2.10823,-0.61627,0.038786,0.5918,0.6778,0.0009401
61,121878,-0.00279,2.85338,-0.55044,0.038744,0.5391,0.7628,0.0009391
62,123876,0.0076,3.36995,-0.6369,0.052466,0.6219,0.6474,0.0009381
63,125874,0.00161,3.12242,-0.59595,0.044131,0.5706,0.734,0.0009371
64,127872,-0.00411,2.5436,-0.5542,0.036438,0.5093,0.7905,0.0009361
65,129870,-0.0029,2.79579,-0.5501,0.034188,0.5108,0.8061,0.0009351
66,131868,-0.00235,3.54359,-0.6391,0.04244,0.5956,0.6091,0.0009341
67,133866,0.00151,3.85059,-0.56829,0.039981,0.5263,0.7281,0.0009331
68,135864,0.00567,3.28598,-0.59448,0.052098,0.5831,0.7093,0.0009321
69,137862,0.00887,3.35933,-0.68991,1.3292279165567534e+35,0.6088,0.7143,0.0009311
70,139860,0.00714,3.63966,-0.65418,0.047934,0.5681,0.6658,0.0009301
71,141858,0.00267,4.136,-0.69504,0.031936,0.5176,0.7332,0.0009291
72,143856,0.00642,3.6795,-0.57596,0.039267,0.5579,0.6967,0.0009281
73,145854,0.00147,3.77144,-0.6807,0.029222,0.5293,0.7584,0.0009271
74,147852,-9e-05,4.49538,-0.62273,0.033343,0.4788,0.748,0.0009261
75,149850,-0.00183,3.84358,-0.55269,0.028216,0.4573,0.6906,0.0009251
76,151848,0.00757,4.18805,-0.60858,0.03976,0.4936,0.6685,0.0009241
77,153846,0.00948,4.25659,-0.59184,0.043748,0.518,0.6915,0.0009231
78,155844,0.00684,3.8151,-0.70172,0.049255,0.597,0.6663,0.0009221
79,157842,-0.00207,4.10266,-0.66368,0.040596,0.5834,0.6586,0.0009211
80,159840,-0.00438,4.24659,-0.6139,0.033778,0.4869,0.7293,0.0009201
81,161838,0.00444,4.3393,-0.57016,0.03886,0.5327,0.7293,0.0009191
82,163836,0.0053,4.65118,-0.6028,0.040213,0.5158,0.6522,0.0009181
83,165834,0.00045,4.045,-0.46672,0.036673,0.4918,0.7088,0.0009171
84,167832,0.00263,3.27526,-0.54653,0.044307,0.5323,0.683,0.0009161
85,169830,0.00036,3.38471,-0.52541,0.049759,0.5669,0.6979,0.0009151
86,171828,0.00333,2.89181,-0.60372,0.046505,0.5513,0.7198,0.0009141
87,173826,-0.00329,3.42013,-0.58506,0.03465,0.5097,0.7569,0.0009131
88,175824,0.00889,3.98459,-0.63052,8.3076744784797085e+34,0.5513,0.6673,0.0009121
89,177822,0.00226,2.92647,-0.57216,0.039954,0.5367,0.7358,0.0009111
90,179820,0.00156,3.81506,-0.56898,0.039514,0.5566,0.7109,0.0009101
91,181818,-0.00727,3.00177,-0.53005,0.036172,0.5348,0.7179,0.0009091
92,183816,0.00068,2.70148,-0.55031,0.044835,0.5256,0.7465,0.0009081
93,185814,0.00262,3.66566,-0.69184,0.046965,0.6402,0.5505,0.0009071
94,187812,0.00136,2.89886,-0.5337,0.038428,0.5911,0.6926,0.0009061
95,189810,-0.00012,2.8676,-0.47174,0.038558,0.5477,0.7022,0.0009051
96,191808,-0.00437,2.26747,-0.55621,0.040175,0.5844,0.7199,0.0009041
97,193806,-0.00095,2.72512,-0.53133,0.035043,0.5824,0.7127,0.0009031
98,195804,-0.01085,2.46655,-0.44571,0.034486,0.5249,0.7904,0.0009021
99,197802,-0.003,2.425,-0.56812,0.043259,0.5624,0.7039,0.0009011
100,199800,-0.00373,2.06061,-0.69323,0.044574,0.6108,0.6175,0.0009001
101,201798,-0.00127,3.11717,-0.69808,0.049744,0.5953,0.6978,0.0008991
102,203796,0.00445,2.49033,-0.58249,0.034068,0.5474,0.7549,0.0008981
103,205794,-0.00014,2.68049,-0.7025,0.047487,0.6157,0.6075,0.0008971
104,207792,-0.00126,2.33966,-0.62508,0.030905,0.5607,0.7285,0.0008961
105,209790,-0.00016,3.85806,-0.65811,0.043084,0.5742,0.6497,0.0008951
106,211788,0.00123,3.89475,-0.60429,0.035423,0.5069,0.6801,0.0008941
107,213786,0.00051,3.7541,-0.67307,0.03563,0.5565,0.6537,0.0008931
108,215784,0.00135,3.03008,-0.60473,0.032686,0.5397,0.7637,0.0008921
109,217782,-0.00107,3.50155,-0.5613,0.036678,0.5087,0.7263,0.0008911
110,219780,0.00083,3.221,-0.63654,0.037365,0.5508,0.6623,0.0008901
111,221778,0.00501,3.56223,-0.57076,0.032526,0.4825,0.7104,0.0008891
112,223776,0.00395,3.61954,-0.71806,0.045406,0.5622,0.6288,0.0008881
113,225774,0.00051,4.34017,-0.73091,0.036512,0.5353,0.6848,0.0008871
114,227772,0.00157,3.90149,-0.70977,0.036601,0.5604,0.7604,0.0008861
115,229770,0.00692,4.13842,-0.65229,0.042948,0.5233,0.6892,0.0008851
116,231768,0.00277,4.79454,-0.68976,0.043372,0.5552,0.6983,0.0008841
117,233766,0.00311,4.62931,-0.63274,0.031805,0.5051,0.6914,0.0008831
118,235764,0.00092,3.56411,-0.6381,0.041282,0.4975,0.7461,0.0008821
119,237762,0.00639,3.94905,-0.71253,0.046674,0.5719,0.6314,0.0008811
120,239760,0.00317,4.09398,-0.6247,0.041311,0.5277,0.7,0.0008801
121,241758,0.01057,3.62285,-0.62193,0.051306,0.5393,0.7291,0.0008791
122,243756,0.00782,3.59253,-0.63434,0.044236,0.5777,0.6174,0.0008781
123,245754,0.00825,3.51765,-0.6143,0.040856,0.5369,0.6991,0.0008771
124,247752,0.00807,3.67823,-0.61858,0.050102,0.6055,0.6035,0.0008761
125,249750,0.00883,4.0264,-0.7653,0.048217,0.6206,0.5279,0.0008751
126,251748,0.00738,3.78471,-0.52307,0.045266,0.5596,0.6909,0.0008741
127,253746,0.00344,3.94748,-0.70943,0.035691,0.5682,0.59,0.0008731
128,255744,0.01288,3.46632,-0.67264,0.053984,0.599,0.6581,0.0008721
129,257742,-0.00011,3.84964,-0.71518,0.052274,0.5543,0.7058,0.0008711
130,259740,0.00514,3.53734,-0.69194,0.040076,0.592,0.7072,0.0008701
131,261738,0.00598,3.72034,-0.63845,0.042876,0.5643,0.6926,0.0008691
132,263736,0.00699,3.80032,-0.75876,0.039796,0.6103,0.5159,0.0008681
133,265734,0.00977,3.47236,-0.74652,0.047605,0.6119,0.6595,0.0008671
134,267732,0.0003,3.41817,-0.69862,0.034354,0.5711,0.6861,0.0008661
135,269730,0.00668,4.13796,-0.81215,0.042704,0.6062,0.5381,0.0008651
136,271728,0.00365,3.5706,-0.71604,0.03701,0.5427,0.693,0.0008641
137,273726,0.00566,3.30436,-0.74583,0.043771,0.5959,0.5808,0.0008631
138,275724,0.00483,3.32048,-0.76085,0.052288,0.6237,0.6406,0.0008621
139,277722,0.0002,2.75976,-0.78421,0.037407,0.5651,0.6884,0.0008611
140,279720,0.00135,3.95041,-0.77529,0.03701,0.5821,0.6803,0.0008601
141,281718,0.00831,3.44039,-0.75019,0.045677,0.6137,0.7564,0.0008591
142,283716,-0.00029,3.8335,-0.77381,0.038514,0.5848,0.6628,0.0008581
143,285714,-0.00367,3.12616,-0.71853,0.038254,0.566,0.7668,0.0008571
144,287712,0.00521,3.34685,-0.71944,0.046842,0.6028,0.7355,0.0008561
145,289710,0.00377,3.56753,-0.70738,0.039738,0.5572,0.7433,0.0008551
146,291708,0.00613,3.55264,-0.66338,0.049008,0.5691,0.6769,0.0008541
147,293706,0.01765,4.22759,-0.68677,0.054108,0.6328,0.5932,0.0008531
148,295704,0.00072,2.8728,-0.63108,0.03623,0.5864,0.6261,0.0008521
149,297702,0.00079,3.54802,-0.62455,0.044163,0.5472,0.7225,0.0008511
150,299700,0.00673,3.43634,-0.59333,0.04076,0.5816,0.6595,0.0008501
151,301698,0.00859,2.9207,-0.71095,0.050376,0.6239,0.6072,0.0008492
152,303696,0.00224,3.04608,-0.6679,0.048579,0.5964,0.6863,0.0008482
153,305694,0.00166,2.90056,-0.75324,0.048153,0.5978,0.7179,0.0008472
154,307692,0.00277,3.38961,-0.66326,0.048458,0.5832,0.7208,0.0008462
155,309690,0.00696,3.70509,-0.70703,0.059174,0.6331,0.6499,0.0008452
156,311688,0.00131,3.42818,-0.68518,0.040494,0.5851,0.6546,0.0008442
157,313686,0.00017,3.7989,-0.69994,0.044828,0.5746,0.7139,0.0008432
158,315684,0.01409,4.17146,-0.75755,0.066082,0.5814,0.67,0.0008422
159,317682,0.00733,3.81792,-0.76875,0.040519,0.6071,0.5778,0.0008412
160,319680,0.00677,4.62038,-0.81272,0.040929,0.5966,0.501,0.0008402
161,321678,0.00924,3.95624,-0.76984,0.057139,0.5902,0.7172,0.0008392
162,323676,0.00696,4.37491,-0.90511,0.051553,0.6047,0.6462,0.0008382
163,325674,0.00914,4.46771,-0.91701,0.046691,0.607,0.7034,0.0008372
164,327672,0.0128,4.76183,-0.90068,0.062597,0.6108,0.6707,0.0008362
165,329670,0.00423,5.01153,-0.8953,0.063286,0.6127,0.6204,0.0008352
166,331668,0.01608,5.02974,-0.82823,0.058362,0.6107,0.6886,0.0008342
167,333666,0.00891,5.31534,-0.79209,0.048618,0.5435,0.6429,0.0008332
168,335664,0.01092,5.0741,-0.71422,0.050803,0.5462,0.6684,0.0008322
169,337662,0.0064,5.09755,-0.70752,0.04934,0.5486,0.5574,0.0008312
170,339660,0.00201,3.91756,-0.53913,0.038393,0.4882,0.7121,0.0008302
171,341658,0.00784,4.58315,-0.72936,0.039966,0.5719,0.6663,0.0008292
172,343656,0.00555,4.056,-0.66095,0.038918,0.5691,0.6898,0.0008282
173,345654,0.00351,3.86823,-0.67103,0.052476,0.5852,0.643,0.0008272
174,347652,0.00777,3.79096,-0.67739,0.041868,0.545,0.7037,0.0008262
175,349650,0.00734,4.31003,-0.62121,0.043763,0.5354,0.6818,0.0008252
176,351648,0.01267,3.96586,-0.74656,0.045872,0.5896,0.525,0.0008242
177,353646,0.00239,3.61863,-0.67704,0.064658,0.5972,0.6499,0.0008232
178,355644,-8e-05,4.05272,-0.6678,0.041231,0.5365,0.6572,0.0008222
179,357642,0.00691,3.78292,-0.71106,0.046779,0.5809,0.6735,0.0008212
180,359640,0.01084,4.01189,-0.60074,1.5422452108767459e+35,0.5429,0.7124,0.0008202
181,361638,0.01329,4.02129,-0.75357,0.059829,0.5893,0.6499,0.0008192
182,363636,0.0151,4.28344,-0.7334,0.044762,0.5492,0.7249,0.0008182
183,365634,0.01809,3.83988,-0.71209,1.2695830741471555e+35,0.5946,0.7057,0.0008172
184,367632,0.0129,4.00507,-0.6407,0.061481,0.5625,0.7032,0.0008162
185,369630,0.01548,4.63823,-0.78122,0.054071,0.5944,0.6222,0.0008152
186,371628,0.00775,3.88238,-0.66328,0.052575,0.5537,0.6557,0.0008142
187,373626,0.01497,4.67243,-0.7819,0.0664,0.617,0.6394,0.0008132
188,375624,0.00668,4.91614,-0.70133,0.036992,0.5247,0.6986,0.0008122
189,377622,0.00627,5.18697,-0.76246,0.046474,0.5662,0.5743,0.0008112
190,379620,0.01417,3.79571,-0.64253,0.067492,0.5603,0.6821,0.0008102
191,381618,0.01773,5.10305,-0.80446,0.081688,0.6077,0.6121,0.0008092
192,383616,0.01522,4.82521,-0.79638,0.054793,0.5499,0.6683,0.0008082
193,385614,0.01158,4.89963,-0.78456,0.073273,0.5648,0.6575,0.0008072
194,387612,0.005,4.17925,-0.61796,1.6615348956959417e+34,0.4746,0.6757,0.0008062
195,389610,0.02222,4.4566,-0.75813,0.06554,0.5953,0.5878,0.0008052
196,391608,0.01262,4.93109,-0.6908,0.054533,0.541,0.668,0.0008042
197,393606,0.02167,5.04515,-0.63136,0.065609,0.543,0.5516,0.0008032
198,395604,0.01,4.02729,-0.66248,0.055593,0.562,0.616,0.0008022
199,397602,0.00709,3.38448,-0.54511,0.047718,0.496,0.7114,0.0008012
200,399600,0.01085,3.90593,-0.62192,0.047493,0.4986,0.6666,0.0008002
201,401598,0.01671,3.59693,-0.57134,0.057192,0.5428,0.6874,0.0007992
202,403596,0.02018,4.37933,-0.64581,0.061678,0.5649,0.6333,0.0007982
203,405594,0.01989,4.51508,-0.65372,4.984604687087825e+34,0.5464,0.6914,0.0007972
204,407592,0.01202,4.04776,-0.61525,0.051909,0.531,0.6407,0.0007962
205,409590,0.02689,3.77384,-0.6606,9.372760950079671e+34,0.6164,0.6476,0.0007952
206,411588,0.02389,4.05661,-0.50617,0.049687,0.5732,0.6532,0.0007942
207,413586,0.0184,4.60902,-0.61242,0.051059,0.5678,0.5838,0.0007932
208,415584,0.01993,3.35045,-0.61576,1.4953814061263475e+35,0.5928,0.667,0.0007922
209,417582,0.00892,3.58915,-0.51198,0.050126,0.5654,0.6494,0.0007912
210,419580,0.01323,3.38304,-0.60245,0.05301,0.5498,0.6323,0.0007902
211,421578,0.00726,3.5888,-0.59771,0.042963,0.5569,0.6441,0.0007892
212,423576,0.01231,4.93325,-0.58181,0.043332,0.5118,0.6587,0.0007882
213,425574,0.00677,3.97109,-0.65592,0.051312,0.5115,0.6783,0.0007872
214,427572,0.01851,3.79918,-0.67867,0.056734,0.5904,0.6583,0.0007862
215,429570,0.00966,3.74843,-0.62838,0.051799,0.5421,0.6652,0.0007852
216,431568,0.01457,3.38601,-0.5795,0.055115,0.5726,0.6839,0.0007842
217,433566,0.01506,3.77268,-0.63548,0.05738,0.5894,0.6734,0.0007832
218,435564,0.01319,4.9484,-0.66941,0.058612,0.5595,0.6975,0.0007822
219,437562,0.00788,4.18713,-0.62803,0.047562,0.5285,0.7114,0.0007812
220,439560,0.01326,4.36439,-0.63649,0.044682,0.5276,0.6625,0.0007802
221,441558,0.01146,3.97876,-0.46842,0.056601,0.4711,0.6738,0.0007792
222,443556,0.00586,3.07297,-0.50891,0.043169,0.4639,0.6883,0.0007782
223,445554,0.01744,4.10002,-0.65617,0.069241,0.594,0.6219,0.0007772
224,447552,0.00663,3.96053,-0.59818,0.040574,0.5248,0.7097,0.0007762
225,449550,0.01349,3.06072,-0.61499,0.077334,0.55,0.7523,0.0007752
226,451548,0.01497,3.68941,-0.77387,0.047034,0.6074,0.5998,0.0007742
227,453546,0.01339,4.62427,-0.62687,0.051888,0.5318,0.7275,0.0007732
228,455544,0.01227,3.82367,-0.6268,0.05109,0.498,0.7307,0.0007722
229,457542,0.01158,3.88092,-0.63411,0.055064,0.5487,0.7152,0.0007712
230,459540,0.01227,3.52724,-0.71416,8.3076744784797085e+34,0.6249,0.7045,0.0007702
231,461538,0.00833,3.06546,-0.54714,0.055593,0.4967,0.7972,0.0007692
232,463536,0.02095,3.44547,-0.55202,0.056855,0.5535,0.73,0.0007682
233,465534,0.0135,3.39172,-0.52606,0.058166,0.5232,0.6653,0.0007672
234,467532,0.01593,2.48909,-0.50356,8.3076744784797085e+34,0.5501,0.7457,0.0007662
235,469530,0.01049,3.19877,-0.61915,0.045578,0.5657,0.6798,0.0007652
236,471528,0.00366,2.83017,-0.457,3.3230697913918834e+34,0.4669,0.7667,0.0007642
237,473526,0.01333,3.20592,-0.51747,0.039196,0.5008,0.7296,0.0007632
238,475524,0.00314,2.87268,-0.51577,1.6615348956959417e+34,0.5264,0.6866,0.0007622
239,477522,0.00496,2.69859,-0.45335,0.039397,0.4676,0.74,0.0007612
240,479520,0.01083,2.89423,-0.40511,0.038777,0.4918,0.7551,0.0007602
241,481518,0.00807,2.54627,-0.42709,0.045314,0.5085,0.7072,0.0007592
242,483516,0.00271,2.98087,-0.47567,0.042832,0.4825,0.6926,0.0007582
243,485514,0.01458,2.43785,-0.50999,0.040594,0.5574,0.6684,0.0007572
244,487512,0.01311,2.82794,-0.46533,0.03805,0.454,0.7109,0.0007562
245,489510,0.01665,2.94481,-0.55932,3.3230697913918834e+34,0.5487,0.7055,0.0007552
246,491508,0.01046,2.78405,-0.54893,0.042478,0.5267,0.7345,0.0007542
247,493506,0.00709,2.69848,-0.52873,0.047524,0.5188,0.7133,0.0007532
248,495504,0.01038,2.55657,-0.5292,0.037004,0.4829,0.7312,0.0007522
249,497502,0.00637,2.6041,-0.54179,0.049521,0.5175,0.69,0.0007512
250,499500,0.00557,2.62962,-0.57776,0.045909,0.5138,0.7307,0.0007502
251,501498,0.01226,2.82674,-0.61722,0.054751,0.5995,0.6501,0.0007493
252,503496,0.01685,2.75419,-0.69554,0.038299,0.596,0.5344,0.0007483
253,505494,0.01198,2.51236,-0.62754,0.028594,0.5502,0.716,0.0007473
254,507492,0.00743,4.08502,-0.68701,0.042606,0.5176,0.6825,0.0007463
255,509490,0.01576,3.63336,-0.63166,0.055474,0.5658,0.6821,0.0007453
256,511488,0.00812,3.77763,-0.48226,0.037557,0.4251,0.7311,0.0007443
257,513486,0.0128,2.71857,-0.55094,9.372760950079671e+34,0.5372,0.7007,0.0007433
258,515484,0.00964,2.98331,-0.55311,0.036009,0.5079,0.7182,0.0007423
259,517482,0.01352,3.39273,-0.55563,0.042038,0.5052,0.6923,0.0007413
260,519480,0.01434,3.64599,-0.56657,0.039975,0.5304,0.6348,0.0007403
261,521478,0.01063,3.10008,-0.56583,1.6615348956959417e+34,0.5114,0.7286,0.0007393
262,523476,0.01093,4.11813,-0.65346,0.038383,0.4807,0.6471,0.0007383
263,525474,0.01893,3.82284,-0.59364,1.6615348956959417e+34,0.5065,0.6908,0.0007373
264,527472,0.01059,3.95796,-0.57932,0.034376,0.4691,0.6883,0.0007363
265,529470,0.00905,3.98259,-0.42726,0.043029,0.4259,0.6785,0.0007353
266,531468,0.01642,3.90728,-0.4451,0.044391,0.4136,0.6802,0.0007343
267,533466,0.00762,3.57427,-0.43284,0.029533,0.3906,0.7084,0.0007333
268,535464,0.00484,4.0138,-0.46284,0.026272,0.3981,0.6777,0.0007323
269,537462,0.00774,3.86469,-0.57462,0.026354,0.4422,0.6582,0.0007313
270,539460,0.01134,3.09651,-0.57161,0.031081,0.4877,0.6813,0.0007303
271,541458,0.0099,3.89397,-0.60053,0.040995,0.5053,0.6795,0.0007293
272,543456,0.01175,4.22173,-0.61924,0.052305,0.458,0.6671,0.0007283
273,545454,0.00862,3.8903,-0.63861,0.036142,0.4843,0.576,0.0007273
274,547452,0.01079,3.8433,-0.57345,0.025406,0.4576,0.6638,0.0007263
275,549450,0.01492,3.62446,-0.5401,0.041127,0.4854,0.7091,0.0007253
276,551448,0.0138,3.23278,-0.53624,0.031608,0.4466,0.6811,0.0007243
277,553446,0.01166,3.51229,-0.56536,0.031386,0.4864,0.6211,0.0007233
278,555444,0.01289,3.42231,-0.52059,0.027224,0.475,0.6692,0.0007223
279,557442,0.00531,3.46633,-0.47746,0.02927,0.4096,0.7268,0.0007213
280,559440,0.01804,3.99871,-0.51979,0.032212,0.4342,0.6573,0.0007203
281,561438,0.0087,4.04088,-0.52999,0.024105,0.3985,0.6783,0.0007193
282,563436,0.01074,3.73186,-0.56869,9.96920937417565e+34,0.4564,0.668,0.0007183
283,565434,0.0186,4.77065,-0.65886,0.040903,0.5181,0.5968,0.0007173
284,567432,0.02089,5.00449,-0.66438,0.034114,0.4827,0.64,0.0007163
285,569430,0.01516,4.47302,-0.60625,0.037886,0.4893,0.6772,0.0007153
286,571428,0.0187,4.84749,-0.64133,0.034793,0.4967,0.6416,0.0007143
287,573426,0.01713,4.77214,-0.57575,0.056034,0.4571,0.6461,0.0007133
288,575424,0.01766,4.3274,-0.486,0.048785,0.3942,0.6237,0.0007123
289,577422,0.02484,4.03791,-0.68548,0.045469,0.5285,0.4171,0.0007113
290,579420,0.02726,4.51787,-0.67941,0.043774,0.5099,0.5645,0.0007103
291,581418,0.01356,3.9505,-0.55996,0.038034,0.4927,0.5923,0.0007093
292,583416,0.01615,4.03984,-0.64279,0.042253,0.482,0.6251,0.0007083
293,585414,0.02807,4.9417,-0.74091,2.824609322683101e+35,0.5267,0.633,0.0007073
294,587412,0.02038,4.53289,-0.65967,0.045805,0.5335,0.5669,0.0007063
295,589410,0.01981,4.96068,-0.69464,0.035803,0.4982,0.585,0.0007053
296,591408,0.02181,5.0893,-0.71092,0.029366,0.4714,0.6305,0.0007043
297,593406,0.01175,5.02776,-0.60924,0.033941,0.4839,0.6038,0.0007033
298,595404,0.00701,4.88034,-0.61512,0.021064,0.4179,0.6812,0.0007023
299,597402,0.00642,5.6572,-0.65987,0.025138,0.4371,0.6601,0.0007013
300,599400,0.01519,5.50566,-0.58607,0.040019,0.4134,0.6285,0.0007003
301,601398,0.01896,5.02508,-0.65968,0.035963,0.4691,0.5295,0.0006993
302,603396,0.01543,4.93728,-0.58855,0.036445,0.4845,0.5995,0.0006983
303,605394,0.01122,5.91202,-0.60538,0.037921,0.4288,0.6554,0.0006973
304,607392,0.00865,5.46506,-0.60651,0.029002,0.3989,0.6819,0.0006963
305,609390,0.01469,5.61478,-0.76978,0.03395,0.5046,0.5219,0.0006953
306,611388,0.02053,5.55383,-0.72622,0.036157,0.499,0.519,0.0006943
307,613386,0.02128,5.05522,-0.67211,0.045242,0.4989,0.6583,0.0006933
308,615384,0.01892,5.48073,-0.72065,0.045267,0.5303,0.7084,0.0006923
309,617382,0.01462,3.95906,-0.5462,6.0283894292557885e+35,0.4945,0.719,0.0006913
310,619380,0.01964,5.67243,-0.6891,0.043338,0.4933,0.6527,0.0006903
311,621378,0.01834,4.84029,-0.70097,0.036659,0.5179,0.5688,0.0006893
312,623376,0.01168,5.68307,-0.70935,0.03471,0.496,0.6233,0.0006883
313,625374,0.00813,5.82472,-0.61643,0.127747,0.3849,0.7182,0.0006873
314,627372,0.0125,5.92522,-0.63993,0.037973,0.4499,0.689,0.0006863
315,629370,0.01144,4.61732,-0.48598,0.040643,0.4287,0.6698,0.0006853
316,631368,0.01672,5.28831,-0.54041,0.053531,0.4979,0.6081,0.0006843
317,633366,0.01308,4.08566,-0.50613,0.049256,0.4345,0.6916,0.0006833
318,635364,0.01481,4.04532,-0.40697,1.3292279165567534e+35,0.3923,0.6332,0.0006823
319,637362,0.01792,4.41264,-0.62183,8.3076744784797085e+34,0.5169,0.5534,0.0006813
320,639360,0.014,3.83387,-0.59112,0.037127,0.4948,0.6547,0.0006803
321,641358,0.03484,4.21688,-0.63639,8.3076744784797085e+34,0.5897,0.4984,0.0006793
322,643356,0.02255,5.18308,-0.64253,0.06944,0.4908,0.6314,0.0006783
323,645354,0.02588,4.9372,-0.66712,0.047324,0.4982,0.5524,0.0006773
324,647352,0.02392,4.9302,-0.62784,0.068452,0.4936,0.6455,0.0006763
325,649350,0.01482,3.34276,-0.51835,0.032421,0.3917,0.7209,0.0006753
326,651348,0.03067,4.7625,-0.65315,0.046876,0.5185,0.5297,0.0006743
327,653346,0.0167,4.04051,-0.62798,0.04333,0.5071,0.5743,0.0006733
328,655344,0.0169,4.37273,-0.58224,0.046828,0.4779,0.5695,0.0006723
329,657342,0.02367,4.40387,-0.58343,0.047786,0.4424,0.6087,0.0006713
330,659340,0.01348,3.98343,-0.53105,0.036385,0.4139,0.653,0.0006703
331,661338,0.01444,4.57735,-0.56763,0.06777,0.4869,0.5225,0.0006693
332,663336,0.01414,3.05478,-0.45363,0.067687,0.4751,0.6264,0.0006683
333,665334,0.0119,2.85211,-0.41609,0.04042,0.4644,0.6367,0.0006673
334,667332,0.01689,2.69505,-0.45831,1.6615348956959417e+34,0.4801,0.629,0.0006663
335,669330,0.01501,3.02427,-0.43253,0.030174,0.4503,0.603,0.0006653
336,671328,0.01508,3.04866,-0.54102,0.04037,0.5265,0.5409,0.0006643
337,673326,0.01559,2.98358,-0.51505,0.044703,0.5178,0.5668,0.0006633
338,675324,0.01623,3.02772,-0.50357,3.655376770531072e+35,0.5262,0.5468,0.0006623
339,677322,0.0147,2.91176,-0.53883,0.047599,0.5311,0.6071,0.0006613
340,679320,0.01145,2.34553,-0.42985,0.033742,0.4379,0.6936,0.0006603
341,681318,0.01775,2.82723,-0.51633,0.061028,0.5477,0.5642,0.0006593
342,683316,0.02236,2.47193,-0.48859,0.051116,0.5593,0.607,0.0006583
343,685314,0.01787,2.56831,-0.39604,1.3292279165567534e+35,0.4672,0.6388,0.0006573
344,687312,0.0226,2.45356,-0.45826,2.931117969843097e+35,0.5341,0.5579,0.0006563
345,689310,0.01887,2.78337,-0.44202,0.043502,0.4887,0.6805,0.0006553
346,691308,0.01251,2.36615,-0.46542,0.043216,0.4784,0.6371,0.0006543
347,693306,0.01961,3.19679,-0.49897,0.040885,0.5038,0.5373,0.0006533
348,695304,0.01235,2.30441,-0.40715,0.038686,0.4067,0.7036,0.0006523
349,697302,0.01309,2.60936,-0.4531,0.031768,0.4066,0.6081,0.0006513
350,699300,0.02738,2.85662,-0.49019,0.042231,0.4813,0.6334,0.0006503
351,701298,0.01294,2.68812,-0.40351,0.035531,0.4216,0.6471,0.0006494
352,703296,0.01546,3.018,-0.51397,0.030761,0.4671,0.5472,0.0006484
353,705294,0.01769,3.32433,-0.556,0.038639,0.4413,0.6186,0.0006474
354,707292,0.0165,3.09096,-0.50408,0.052516,0.4426,0.6867,0.0006464
355,709290,0.01532,3.25266,-0.49869,0.036829,0.4376,0.6173,0.0006454
356,711288,0.01244,3.18402,-0.51591,0.032622,0.4482,0.6495,0.0006444
357,713286,0.01355,3.63332,-0.39138,0.038594,0.4271,0.6529,0.0006434
358,715284,0.01243,2.91114,-0.42467,0.03606,0.4464,0.6595,0.0006424
359,717282,0.01707,2.86615,-0.39333,0.038288,0.4556,0.6743,0.0006414
360,719280,0.01682,2.97781,-0.40152,0.050272,0.4636,0.6514,0.0006404
361,721278,0.01353,2.43192,-0.33745,4.984604687087825e+34,0.4041,0.702,0.0006394
362,723276,0.01083,2.40211,-0.33961,0.034637,0.3947,0.6871,0.0006384
363,725274,0.01489,1.94414,-0.32141,0.04467,0.435,0.6728,0.0006374
364,727272,0.00718,1.75749,-0.31695,0.024839,0.3954,0.6387,0.0006364
365,729270,0.00432,1.90119,-0.27599,0.025256,0.3877,0.6878,0.0006354
366,731268,0.00635,2.07251,-0.35059,0.034841,0.4496,0.6323,0.0006344
367,733266,0.00765,1.66454,-0.26982,0.019518,0.3951,0.7448,0.0006334
368,735264,0.01141,1.79602,-0.32217,0.037059,0.4148,0.5866,0.0006324
369,737262,0.01567,2.18064,-0.31118,0.036331,0.4296,0.5965,0.0006314
370,739260,0.01177,2.30978,-0.32403,0.027807,0.4203,0.5866,0.0006304
371,741258,0.02571,2.84255,-0.39784,0.060697,0.4624,0.5594,0.0006294
372,743256,0.01784,2.25883,-0.3568,0.040855,0.4391,0.6077,0.0006284
373,745254,0.0136,2.23421,-0.31425,0.032563,0.4445,0.5461,0.0006274
374,747252,0.01534,2.29152,-0.33614,0.036987,0.4717,0.6928,0.0006264
375,749250,0.01646,2.18857,-0.35508,0.043931,0.4682,0.6278,0.0006254
376,751248,0.0103,2.39293,-0.3037,1.4953814061263475e+35,0.4098,0.6248,0.0006244
377,753246,0.0064,2.20802,-0.24904,0.019175,0.3526,0.6318,0.0006234
378,755244,0.00709,1.9943,-0.25474,0.032143,0.4159,0.678,0.0006224
379,757242,0.0045,1.63493,-0.24502,0.027779,0.37,0.7556,0.0006214
380,759240,0.00847,2.34295,-0.34006,0.030802,0.3725,0.6865,0.0006204
381,761238,0.02015,2.513,-0.30898,0.028503,0.4048,0.64,0.0006194
382,763236,0.00327,2.32995,-0.27728,0.020932,0.3073,0.6339,0.0006184
383,765234,0.01538,2.88806,-0.34604,0.033186,0.3979,0.6846,0.0006174
384,767232,0.01281,2.57897,-0.35363,0.027143,0.3871,0.6983,0.0006164
385,769230,0.01454,2.45789,-0.31694,0.025809,0.3892,0.721,0.0006154
386,771228,0.02436,2.09565,-0.3411,0.052316,0.4561,0.7057,0.0006144
387,773226,0.02081,2.14972,-0.30553,0.035014,0.428,0.5541,0.0006134
388,775224,0.01385,1.77008,-0.31986,0.033278,0.441,0.6783,0.0006124
389,777222,0.01027,1.77018,-0.26699,0.017945,0.374,0.7329,0.0006114
390,779220,0.01288,1.68804,-0.32377,0.028387,0.4339,0.6654,0.0006104
391,781218,0.00866,1.62516,-0.26571,0.020044,0.3718,0.7134,0.0006094
392,783216,0.00959,1.74192,-0.266,0.019552,0.3714,0.7582,0.0006084
393,785214,0.01686,2.14156,-0.35654,0.029785,0.4457,0.686,0.0006074
394,787212,0.01774,2.0738,-0.28152,0.01977,0.3766,0.7564,0.0006064
395,789210,0.02007,2.1048,-0.35604,0.034034,0.4416,0.7441,0.0006054
396,791208,0.0207,1.87338,-0.33353,0.037702,0.4711,0.6694,0.0006044
397,793206,0.02667,2.48111,-0.45245,0.046278,0.5439,0.6784,0.0006034
398,795204,0.01351,2.10719,-0.37259,0.03487,0.4916,0.6093,0.0006024
399,797202,0.01145,1.81493,-0.33339,0.039738,0.4795,0.5913,0.0006014
400,799200,0.01699,1.62223,-0.36702,0.032717,0.4859,0.6896,0.0006004
401,801198,0.01469,1.78551,-0.33443,0.032908,0.465,0.7229,0.0005994
402,803196,0.02488,2.0505,-0.34368,0.032113,0.5106,0.6273,0.0005984
403,805194,0.01917,2.0182,-0.37298,0.027463,0.4859,0.7457,0.0005974
404,807192,0.01353,2.08101,-0.32705,0.024755,0.4526,0.6548,0.0005964
405,809190,0.01455,1.72796,-0.27393,0.034349,0.4409,0.7045,0.0005954
406,811188,0.00887,1.96443,-0.29386,0.032954,0.4203,0.715,0.0005944
407,813186,0.01697,2.37679,-0.36985,0.036783,0.517,0.6773,0.0005934
408,815184,0.00872,1.90823,-0.30793,0.026352,0.4904,0.7817,0.0005924
409,817182,0.01156,1.84242,-0.3106,0.034263,0.5178,0.6476,0.0005914
410,819180,0.01289,1.77526,-0.3436,0.031038,0.4999,0.6474,0.0005904
411,821178,0.01251,2.08419,-0.39683,0.042233,0.5642,0.6131,0.0005894
412,823176,0.01561,2.37395,-0.35415,0.041005,0.4975,0.514,0.0005884
413,825174,0.03212,2.9326,-0.42174,0.046015,0.5266,0.6047,0.0005874
414,827172,0.01521,2.96323,-0.30287,0.033205,0.4217,0.6585,0.0005864
415,829170,0.0236,2.87031,-0.41321,0.039172,0.4957,0.688,0.0005854
416,831168,0.02234,2.6832,-0.32179,0.043545,0.4996,0.6375,0.0005844
417,833166,0.02138,2.39914,-0.32563,0.051865,0.4902,0.6686,0.0005834
418,835164,0.03149,2.74002,-0.41058,0.050775,0.5975,0.6186,0.0005824
419,837162,0.02824,2.83631,-0.4048,0.057514,0.5977,0.6182,0.0005814
420,839160,0.02509,2.73503,-0.3715,0.105593,0.61,0.6483,0.0005804
421,841158,0.03889,2.37934,-0.35637,0.051187,0.6127,0.622,0.0005794
422,843156,0.02201,2.18353,-0.35838,0.05405,0.5762,0.715,0.0005784
423,845154,0.02488,2.26932,-0.38442,0.048792,0.5764,0.6841,0.0005774
424,847152,0.02681,2.48213,-0.42338,0.048254,0.6013,0.5747,0.0005764
425,849150,0.01968,2.08653,-0.391,0.03906,0.5746,0.673,0.0005754
426,851148,0.0235,2.03509,-0.32829,0.045262,0.5626,0.7262,0.0005744
427,853146,0.03109,2.75594,-0.36803,0.058782,0.5626,0.6016,0.0005734
428,855144,0.01555,2.08913,-0.29165,0.0345,0.5101,0.6996,0.0005724
429,857142,0.02534,2.34841,-0.33656,0.036562,0.5346,0.6802,0.0005714
430,859140,0.02072,2.87383,-0.36222,0.035345,0.5397,0.6649,0.0005704
431,861138,0.01678,2.68886,-0.33555,0.027014,0.5266,0.6916,0.0005694
432,863136,0.02258,2.74939,-0.38756,0.047544,0.5326,0.6978,0.0005684
433,865134,0.01692,2.51633,-0.3769,0.033623,0.4874,0.7394,0.0005674
434,867132,0.01824,3.22424,-0.41047,0.041113,0.5303,0.6317,0.0005664
435,869130,0.02315,2.60768,-0.37858,0.031624,0.4902,0.729,0.0005654
436,871128,0.01951,2.65452,-0.34973,0.030133,0.5166,0.6603,0.0005644
437,873126,0.01896,2.58342,-0.36227,0.029362,0.5044,0.6715,0.0005634
438,875124,0.0216,2.99486,-0.39776,0.049415,0.526,0.6773,0.0005624
439,877122,0.02782,3.21572,-0.43947,0.047162,0.535,0.6281,0.0005614
440,879120,0.02539,3.39374,-0.40369,1.6615348956959417e+34,0.4833,0.6912,0.0005604
441,881118,0.02215,3.93096,-0.5052,0.039019,0.5493,0.6164,0.0005594
442,883116,0.02039,3.27989,-0.44395,0.038645,0.4982,0.6742,0.0005584
443,885114,0.01959,3.42419,-0.43088,1.3292279165567534e+35,0.5281,0.6408,0.0005574
444,887112,0.02222,3.78021,-0.45035,0.032479,0.5243,0.6556,0.0005564
445,889110,0.03197,4.2941,-0.51024,0.046755,0.5355,0.6386,0.0005554
446,891108,0.02168,4.46373,-0.48323,0.036028,0.4755,0.6898,0.0005544
447,893106,0.01975,3.73839,-0.47526,0.037905,0.4904,0.6569,0.0005534
448,895104,0.01943,3.71659,-0.47638,0.040158,0.4884,0.6632,0.0005524
449,897102,0.03126,4.12065,-0.59326,4.984604687087825e+34,0.5266,0.5974,0.0005514
450,899100,0.03568,3.98659,-0.60128,0.049109,0.5929,0.555,0.0005504
451,901098,0.02012,3.30028,-0.40865,0.032036,0.4792,0.7678,0.0005495
452,903096,0.02855,3.75627,-0.5303,0.044219,0.5092,0.7103,0.0005485
453,905094,0.01842,3.21946,-0.51295,0.037443,0.5345,0.7377,0.0005475
454,907092,0.02181,4.06896,-0.52576,0.04577,0.5059,0.7192,0.0005465
455,909090,0.03056,4.63741,-0.44635,0.042518,0.4234,0.7084,0.0005455
456,911088,0.03616,4.15108,-0.55172,3.3230697913918834e+34,0.5586,0.6556,0.0005445
457,913086,0.01894,4.18252,-0.45002,0.038799,0.3953,0.7424,0.0005435
458,915084,0.03567,4.51228,-0.56216,0.056504,0.5459,0.629,0.0005425
459,917082,0.02299,3.72642,-0.57898,0.029923,0.5656,0.6312,0.0005415
460,919080,0.0281,4.41884,-0.6199,0.052503,0.517,0.6392,0.0005405
461,921078,0.0296,4.98487,-0.5815,0.056648,0.4714,0.6456,0.0005395
462,923076,0.02858,3.64665,-0.56643,0.050533,0.4983,0.7178,0.0005385
463,925074,0.03129,3.89325,-0.59929,0.043383,0.522,0.6058,0.0005375
464,927072,0.01882,4.28556,-0.64628,0.036382,0.5292,0.6324,0.0005365
465,929070,0.03038,3.79075,-0.58565,0.053813,0.5311,0.6262,0.0005355
466,931068,0.02174,4.1588,-0.52161,0.044453,0.4676,0.6953,0.0005345
467,933066,0.02373,3.95294,-0.5506,0.031853,0.4873,0.6163,0.0005335
468,935064,0.01881,4.01384,-0.46981,0.03874,0.4781,0.6193,0.0005325
469,937062,0.02374,3.75306,-0.47967,0.038033,0.4642,0.6299,0.0005315
470,939060,0.03374,3.44936,-0.53406,0.059629,0.5258,0.5767,0.0005305
471,941058,0.02042,2.7509,-0.34368,0.03536,0.3585,0.63,0.0005295
472,943056,0.01854,3.17125,-0.46224,0.033893,0.4621,0.5892,0.0005285
473,945054,0.02071,2.81696,-0.44796,0.047081,0.4581,0.5531,0.0005275
474,947052,0.02237,2.87493,-0.47442,0.0289,0.4221,0.6455,0.0005265
475,949050,0.01772,2.8931,-0.46367,0.026231,0.4385,0.6056,0.0005255
476,951048,0.01872,2.44694,-0.44275,0.021851,0.4161,0.7103,0.0005245
477,953046,0.02946,3.2714,-0.55719,0.051616,0.5422,0.6048,0.0005235
478,955044,0.01697,3.86194,-0.48431,0.035116,0.4551,0.6265,0.0005225
479,957042,0.02115,3.52884,-0.56288,0.028463,0.524,0.67,0.0005215
480,959040,0.02157,3.92152,-0.65154,0.036907,0.577,0.5936,0.0005205
481,961038,0.02172,3.80735,-0.60378,0.030393,0.5033,0.6924,0.0005195
482,963036,0.01452,4.07387,-0.55533,0.036919,0.479,0.6545,0.0005185
483,965034,0.02121,3.61988,-0.55582,0.042741,0.5393,0.7004,0.0005175
484,967032,0.03048,3.59183,-0.57616,0.041748,0.548,0.6183,0.0005165
485,969030,0.01399,3.38746,-0.53241,0.041139,0.489,0.7249,0.0005155
486,971028,0.02528,3.32063,-0.62623,0.037396,0.56,0.6668,0.0005145
487,973026,0.02856,3.10026,-0.61003,0.051864,0.5242,0.6863,0.0005135
488,975024,0.01713,3.33618,-0.59727,0.026248,0.5063,0.6921,0.0005125
489,977022,0.01538,3.51896,-0.58905,0.031742,0.5023,0.6173,0.0005115
490,979020,0.02478,3.26823,-0.63991,1.6615348956959417e+34,0.5587,0.6444,0.0005105
491,981018,0.02469,3.61151,-0.61241,0.035782,0.5419,0.5409,0.0005095
492,983016,0.01368,3.36452,-0.53821,0.033556,0.4398,0.6755,0.0005085
493,985014,0.02874,3.56786,-0.58845,0.034643,0.4847,0.5567,0.0005075
494,987012,0.02041,3.94034,-0.58582,9.96920937417565e+34,0.4356,0.5956,0.0005065
495,989010,0.01443,3.79953,-0.58978,0.022939,0.4242,0.6613,0.0005055
496,991008,0.02153,4.07547,-0.58372,0.032795,0.412,0.6041,0.0005045
497,993006,0.02944,4.26476,-0.58692,0.052295,0.5032,0.5147,0.0005035
498,995004,0.02236,4.10002,-0.58628,0.03045,0.4497,0.6583,0.0005025
499,997002,0.01471,3.89238,-0.55735,0.018911,0.4187,0.6384,0.0005015
500,999000,0.01842,4.19033,-0.61572,0.04012,0.4671,0.5994,0.0005005
501,1000998,0.02218,4.66859,-0.59102,0.035618,0.4628,0.6403,0.0004995
502,1002996,0.01836,4.38684,-0.60699,1.6615348956959417e+34,0.437,0.658,0.0004985
503,1004994,0.01645,4.66465,-0.54296,0.029381,0.3925,0.6662,0.0004975
504,1006992,0.01927,4.42131,-0.63792,0.05634,0.4445,0.6752,0.0004965
505,1008990,0.01621,3.77229,-0.48545,0.029381,0.3743,0.6922,0.0004955
506,1010988,0.01452,4.66211,-0.60481,0.026224,0.4421,0.6718,0.0004945
507,1012986,0.01239,5.11034,-0.57872,0.02172,0.3803,0.6952,0.0004935
508,1014984,0.01971,6.10229,-0.65772,0.03653,0.52,0.6168,0.0004925
509,1016982,0.03215,5.41137,-0.8097,0.04025,0.5648,0.4186,0.0004915
510,1018980,0.02221,4.99184,-0.74708,0.037836,0.4994,0.6381,0.0004905
511,1020978,0.02256,6.04288,-0.72342,3.3230697913918834e+34,0.5266,0.6475,0.0004895
512,1022976,0.01837,5.19007,-0.6366,0.026147,0.4384,0.6939,0.0004885
513,1024974,0.01699,6.04241,-0.72953,1.4953814061263475e+35,0.4534,0.6367,0.0004875
514,1026972,0.01788,6.32483,-0.65487,0.035671,0.4374,0.6746,0.0004865
515,1028970,0.02082,5.16018,-0.6441,1.6615348956959417e+34,0.476,0.6939,0.0004855
516,1030968,0.00973,5.37147,-0.64885,0.017082,0.412,0.6782,0.0004845
517,1032966,0.01716,5.97799,-0.68298,0.02904,0.4474,0.6945,0.0004835
518,1034964,0.01587,6.29691,-0.67799,1.6615348956959417e+34,0.4094,0.6758,0.0004825
519,1036962,0.01916,6.6307,-0.82288,0.033618,0.472,0.6286,0.0004815
520,1038960,0.01728,6.64492,-0.69491,0.027821,0.4056,0.67,0.0004805
521,1040958,0.02621,7.48425,-0.94576,0.02946,0.537,0.3657,0.0004795
522,1042956,0.01761,6.41052,-0.8288,0.023967,0.4602,0.6217,0.0004785
523,1044954,0.02035,6.09226,-0.80348,2.7266213672959043e+34,0.5173,0.6488,0.0004775
524,1046952,0.02295,7.48212,-0.90988,1.3292279165567534e+35,0.5028,0.5905,0.0004765
525,1048950,0.02463,7.13177,-0.78039,0.033441,0.4907,0.6598,0.0004755
526,1050948,0.0199,6.71689,-0.77371,0.039849,0.4514,0.6687,0.0004745
527,1052946,0.01717,6.95496,-0.66458,3.0972714594126913e+35,0.3928,0.6912,0.0004735
528,1054944,0.03572,6.794,-0.71521,0.042606,0.5103,0.6132,0.0004725
529,1056942,0.0183,6.25274,-0.71403,0.028224,0.4079,0.7329,0.0004715
530,1058940,0.02501,6.06709,-0.69624,0.028299,0.4607,0.6676,0.0004705
531,1060938,0.02279,5.63428,-0.63834,0.03346,0.4524,0.6737,0.0004695
532,1062936,0.03305,5.40642,-0.69608,4.984604687087825e+34,0.4907,0.5867,0.0004685
533,1064934,0.02208,5.26909,-0.68783,0.041207,0.461,0.656,0.0004675
534,1066932,0.02651,5.9558,-0.81608,0.040114,0.5395,0.5916,0.0004665
535,1068930,0.03044,5.10434,-0.61369,0.028331,0.4472,0.6956,0.0004655
536,1070928,0.02054,6.37241,-0.75764,0.027329,0.5366,0.6281,0.0004645
537,1072926,0.02084,6.98569,-0.67776,1.6615348956959417e+34,0.5073,0.6541,0.0004635
538,1074924,0.02855,6.3755,-0.79579,0.042772,0.5605,0.6335,0.0004625
539,1076922,0.01903,5.42437,-0.74638,0.025348,0.5446,0.6864,0.0004615
540,1078920,0.02577,6.71059,-0.7731,1.6615348956959417e+34,0.5377,0.6466,0.0004605
541,1080918,0.02522,6.2473,-0.77212,0.036321,0.5446,0.577,0.0004595
542,1082916,0.0155,6.11546,-0.73531,0.028645,0.5022,0.7294,0.0004585
543,1084914,0.02802,6.15223,-0.79781,1.1630744269871592e+35,0.555,0.6053,0.0004575
544,1086912,0.01643,6.31004,-0.84883,0.02696,0.5272,0.6351,0.0004565
545,1088910,0.01982,6.25308,-0.72268,0.02851,0.4867,0.7371,0.0004555
546,1090908,0.02638,5.87528,-0.6389,0.03644,0.5201,0.7012,0.0004545
547,1092906,0.02472,5.19284,-0.589,0.047697,0.5157,0.6739,0.0004535
548,1094904,0.0211,6.64762,-0.58227,0.031066,0.426,0.6419,0.0004525
549,1096902,0.01846,5.59804,-0.59945,1.4357365637167496e+35,0.4553,0.7193,0.0004515
550,1098900,0.03553,5.83253,-0.63345,0.054706,0.4741,0.6746,0.0004506
551,1100898,0.02849,4.8556,-0.65569,0.059909,0.4883,0.6937,0.0004496
552,1102896,0.03349,5.2515,-0.76398,0.05443,0.5417,0.6094,0.0004486
553,1104894,0.01742,5.90841,-0.54968,0.022757,0.4533,0.7208,0.0004476
554,1106892,0.02392,4.79237,-0.61579,0.030232,0.4668,0.758,0.0004466
555,1108890,0.02636,5.07994,-0.68048,0.030573,0.5233,0.6496,0.0004456
556,1110888,0.02179,4.58436,-0.64812,0.029405,0.5203,0.7166,0.0004446
557,1112886,0.01941,4.72261,-0.5564,0.021558,0.437,0.7439,0.0004436
558,1114884,0.03519,3.91558,-0.56188,0.064156,0.602,0.619,0.0004426
559,1116882,0.02014,4.99556,-0.49344,1.1034295845775613e+35,0.4351,0.6338,0.0004416
560,1118880,0.02087,4.19735,-0.55342,0.025677,0.4625,0.5802,0.0004406
561,1120878,0.03368,4.23272,-0.62988,0.045229,0.5466,0.6329,0.0004396
562,1122876,0.02134,4.55075,-0.57814,0.035065,0.4424,0.7497,0.0004386
563,1124874,0.02892,4.94521,-0.62352,0.051073,0.4575,0.6462,0.0004376
564,1126872,0.02912,5.06239,-0.68444,1.6615348956959417e+34,0.478,0.6797,0.0004366
565,1128870,0.02961,4.85338,-0.81163,0.043813,0.5228,0.5848,0.0004356
566,1130868,0.02091,4.61313,-0.73054,0.021444,0.4788,0.6657,0.0004346
567,1132866,0.02787,5.70899,-0.79599,0.039902,0.572,0.5665,0.0004336
568,1134864,0.01848,4.91807,-0.71115,0.023373,0.4591,0.7279,0.0004326
569,1136862,0.02483,5.30083,-0.69437,0.025228,0.4568,0.7533,0.0004316
570,1138860,0.02169,6.29804,-0.67075,0.026154,0.437,0.7307,0.0004306
571,1140858,0.01964,6.50542,-0.57373,0.029652,0.437,0.6931,0.0004296
572,1142856,0.02483,6.31507,-0.62933,0.039091,0.4398,0.6659,0.0004286
573,1144854,0.01709,5.87763,-0.60655,0.027172,0.3803,0.7115,0.0004276
574,1146852,0.02254,5.3895,-0.58839,1.2695830741471555e+35,0.3533,0.7152,0.0004266
575,1148850,0.01745,6.17126,-0.54798,0.02591,0.3825,0.6731,0.0004256
576,1150848,0.01931,5.31798,-0.5241,3.3230697913918834e+34,0.3409,0.6819,0.0004246
577,1152846,0.03965,6.54059,-0.66,6.646139582783767e+34,0.4598,0.5361,0.0004236
578,1154844,0.02764,5.3473,-0.55527,1.6615348956959417e+34,0.385,0.6801,0.0004226
579,1156842,0.02739,5.42821,-0.57293,0.051974,0.4326,0.6503,0.0004216
580,1158840,0.0211,5.44892,-0.49638,0.027853,0.3636,0.6844,0.0004206
581,1160838,0.01643,5.31996,-0.57509,0.020311,0.34,0.7041,0.0004196
582,1162836,0.0234,5.3546,-0.6195,1.6615348956959417e+34,0.3936,0.6693,0.0004186
583,1164834,0.01996,5.12978,-0.5782,0.016522,0.3596,0.7058,0.0004176
584,1166832,0.01535,4.69505,-0.49894,0.025434,0.3118,0.743,0.0004166
585,1168830,0.00928,4.12079,-0.43713,0.018408,0.2611,0.6977,0.0004156
586,1170828,0.01527,5.86483,-0.50868,0.018643,0.32,0.5864,0.0004146
587,1172826,0.02048,5.01067,-0.452,0.019435,0.3137,0.641,0.0004136
588,1174824,0.01387,5.03905,-0.46844,0.017388,0.307,0.6544,0.0004126
589,1176822,0.01911,4.25105,-0.50289,1.6615348956959417e+34,0.362,0.6815,0.0004116
590,1178820,0.01583,4.9289,-0.44337,0.011978,0.3217,0.6817,0.0004106
591,1180818,0.01912,4.10873,-0.45723,0.019149,0.3357,0.6684,0.0004096
592,1182816,0.01167,3.99055,-0.40183,0.019385,0.2881,0.6862,0.0004086
593,1184814,0.01338,3.26038,-0.37537,0.012928,0.2487,0.7592,0.0004076
594,1186812,0.01021,3.55805,-0.39865,0.025155,0.2939,0.6932,0.0004066
595,1188810,0.01761,3.53406,-0.4429,0.017009,0.3242,0.6128,0.0004056
596,1190808,0.01401,3.48421,-0.40321,0.02376,0.3183,0.5996,0.0004046
597,1192806,0.01903,4.02105,-0.46939,8.3076744784797085e+34,0.4164,0.5457,0.0004036
598,1194804,0.01549,3.77538,-0.43633,0.016555,0.3118,0.6107,0.0004026
599,1196802,0.0168,4.04024,-0.51455,0.025567,0.4143,0.5831,0.0004016
600,1198800,0.01283,3.97806,-0.46503,0.02522,0.4127,0.6064,0.0004006
601,1200798,0.0182,3.6668,-0.40003,8.3076744784797085e+34,0.3372,0.622,0.0003996
602,1202796,0.02031,3.85998,-0.47745,0.034461,0.3455,0.6464,0.0003986
603,1204794,0.01709,3.80893,-0.40837,8.3076744784797085e+34,0.3153,0.6283,0.0003976
604,1206792,0.01115,3.62334,-0.48593,0.017122,0.3698,0.6884,0.0003966
605,1208790,0.0175,3.08353,-0.4373,0.018433,0.3625,0.7052,0.0003956
606,1210788,0.02452,4.1373,-0.53161,0.030283,0.4174,0.6512,0.0003946
607,1212786,0.03064,5.32282,-0.71706,1.1630744269871592e+35,0.5163,0.6446,0.0003936
608,1214784,0.01475,4.21758,-0.64479,0.024561,0.4515,0.7365,0.0003926
609,1216782,0.01913,5.28203,-0.64934,0.019709,0.4622,0.7134,0.0003916
610,1218780,0.02087,5.24757,-0.69419,0.025506,0.4773,0.7274,0.0003906
611,1220778,0.02579,5.49847,-0.71916,1.4953814061263475e+35,0.5065,0.7096,0.0003896
612,1222776,0.02554,4.84753,-0.66389,0.034739,0.471,0.7416,0.0003886
613,1224774,0.01765,5.80301,-0.68327,0.01926,0.4359,0.7575,0.0003876
614,1226772,0.01961,5.60074,-0.69004,0.025538,0.4633,0.7162,0.0003866
615,1228770,0.02383,6.32749,-0.73343,0.035824,0.5164,0.6498,0.0003856
616,1230768,0.04711,4.79563,-0.63997,0.06477,0.5016,0.6815,0.0003846
617,1232766,0.02745,5.5267,-0.62853,4.984604687087825e+34,0.4485,0.6987,0.0003836
618,1234764,0.0256,5.48059,-0.70371,0.035451,0.474,0.677,0.0003826
619,1236762,0.02857,4.89137,-0.67754,0.036798,0.4263,0.7322,0.0003816
620,1238760,0.02626,4.40499,-0.64742,3.3230697913918834e+34,0.5208,0.7232,0.0003806
621,1240758,0.0334,5.90262,-0.65517,0.050222,0.4807,0.6943,0.0003796
622,1242756,0.02454,4.97817,-0.73254,0.035302,0.5426,0.6823,0.0003786
623,1244754,0.01861,5.50697,-0.63539,0.033292,0.4958,0.6863,0.0003776
624,1246752,0.02448,4.26136,-0.62051,0.030142,0.4379,0.778,0.0003766
625,1248750,0.02358,4.74565,-0.73452,0.029077,0.5042,0.6844,0.0003756
626,1250748,0.04336,4.67351,-0.73398,9.96920937417565e+34,0.5057,0.6927,0.0003746
627,1252746,0.02443,5.03232,-0.67354,0.022826,0.4594,0.7404,0.0003736
628,1254744,0.01994,4.4429,-0.61736,0.036308,0.4535,0.769,0.0003726
629,1256742,0.02588,4.7336,-0.67694,0.026723,0.4915,0.6983,0.0003716
630,1258740,0.02448,4.44561,-0.62743,0.03216,0.5025,0.7203,0.0003706
631,1260738,0.01654,4.8588,-0.61658,0.02142,0.4459,0.7204,0.0003696
632,1262736,0.02088,4.56865,-0.63034,4.984604687087825e+34,0.4388,0.76,0.0003686
633,1264734,0.02189,5.58326,-0.65955,1.934197032425532e+35,0.4739,0.6773,0.0003676
634,1266732,0.03306,4.37493,-0.74343,9.96920937417565e+34,0.5123,0.6818,0.0003666
635,1268730,0.02089,5.01155,-0.62463,1.6615348956959417e+34,0.4197,0.7405,0.0003656
636,1270728,0.02078,5.99079,-0.81748,0.028249,0.5195,0.6901,0.0003646
637,1272726,0.0192,6.15773,-0.68558,0.019986,0.409,0.7182,0.0003636
638,1274724,0.03236,5.88503,-0.7104,0.022685,0.4631,0.6414,0.0003626
639,1276722,0.02409,6.29806,-0.82836,0.018909,0.4909,0.6203,0.0003616
640,1278720,0.02277,7.06953,-0.80718,0.022795,0.514,0.5929,0.0003606
641,1280718,0.01902,6.74067,-0.81584,0.017946,0.511,0.6957,0.0003596
642,1282716,0.02609,6.69884,-0.67667,6.049691158687788e+34,0.4588,0.7066,0.0003586
643,1284714,0.02757,6.49395,-0.82345,0.028321,0.535,0.6093,0.0003576
644,1286712,0.02083,7.35296,-0.73282,0.021219,0.4433,0.703,0.0003566
645,1288710,0.02379,8.18587,-0.84912,0.024705,0.4955,0.679,0.0003556
646,1290708,0.01745,8.00958,-0.76144,0.017241,0.4202,0.7385,0.0003546
647,1292706,0.02851,9.3521,-0.86993,0.03671,0.5081,0.5756,0.0003536
648,1294704,0.0323,7.92016,-0.83207,0.047643,0.5058,0.6147,0.0003526
649,1296702,0.02406,8.1413,-0.88781,0.016862,0.4629,0.6177,0.0003516
650,1298700,0.0221,8.74236,-0.84557,0.020403,0.4432,0.6732,0.0003507
651,1300698,0.02517,8.90929,-0.80328,0.022079,0.4745,0.6254,0.0003497
652,1302696,0.01794,7.98405,-0.67414,0.024246,0.375,0.7521,0.0003487
653,1304694,0.02057,8.38256,-0.69168,0.016613,0.3968,0.7253,0.0003477
654,1306692,0.0213,8.11766,-0.69615,0.023446,0.4205,0.6979,0.0003467
655,1308690,0.02312,8.56121,-0.60848,0.026682,0.3868,0.6482,0.0003457
656,1310688,0.02215,7.43538,-0.76482,0.021687,0.4301,0.7111,0.0003447
657,1312686,0.02551,8.45969,-0.86555,1.4357365637167496e+35,0.5336,0.6229,0.0003437
658,1314684,0.01661,7.96594,-0.68437,0.015756,0.388,0.7059,0.0003427
659,1316682,0.0146,7.8918,-0.72988,0.021858,0.4263,0.6965,0.0003417
660,1318680,0.02141,7.16873,-0.58877,0.024664,0.4244,0.7101,0.0003407
661,1320678,0.01614,6.96157,-0.74668,0.012348,0.4313,0.7254,0.0003397
662,1322676,0.01834,6.43791,-0.71385,6.646139582783767e+34,0.4373,0.7292,0.0003387
663,1324674,0.01853,7.00589,-0.82564,0.031239,0.4679,0.6835,0.0003377
664,1326672,0.02845,7.09358,-0.65923,0.037161,0.4256,0.7004,0.0003367
665,1328670,0.02609,6.75759,-0.84794,6.049691158687788e+34,0.4924,0.6325,0.0003357
666,1330668,0.0206,6.24302,-0.72139,0.015751,0.4523,0.7689,0.0003347
667,1332666,0.02108,9.32053,-0.92852,1.3292279165567534e+35,0.5149,0.5287,0.0003337
668,1334664,0.01565,7.97227,-0.78712,0.018603,0.4498,0.673,0.0003327
669,1336662,0.02575,7.94303,-0.71347,0.024127,0.4969,0.6696,0.0003317
670,1338660,0.02404,8.24686,-0.79422,0.030727,0.5121,0.6509,0.0003307
671,1340658,0.01298,8.70424,-0.83337,0.016453,0.4759,0.6452,0.0003297
672,1342656,0.02069,7.98802,-0.6894,0.022623,0.469,0.7289,0.0003287
673,1344654,0.02072,8.42706,-0.86253,0.025436,0.4534,0.7254,0.0003277
674,1346652,0.0163,7.92433,-0.89372,0.014247,0.4317,0.6856,0.0003267
675,1348650,0.01132,7.59577,-0.79468,0.015586,0.4358,0.7491,0.0003257
676,1350648,0.02341,8.20761,-0.93747,0.025703,0.4716,0.5981,0.0003247
677,1352646,0.01677,8.22257,-0.83265,0.027716,0.439,0.7007,0.0003237
678,1354644,0.01901,7.35377,-0.77598,0.029065,0.4001,0.7304,0.0003227
679,1356642,0.02359,7.38382,-0.87466,0.027739,0.4516,0.6867,0.0003217
680,1358640,0.01854,7.6493,-0.91173,0.023348,0.4761,0.6863,0.0003207
681,1360638,0.02105,7.88591,-0.81387,0.027644,0.4701,0.7312,0.0003197
682,1362636,0.02508,7.40668,-0.84985,0.021729,0.4936,0.7298,0.0003187
683,1364634,0.02014,8.85866,-0.94559,3.3230697913918834e+34,0.4514,0.6644,0.0003177
684,1366632,0.0189,8.34263,-0.85975,0.018441,0.5039,0.6668,0.0003167
685,1368630,0.02146,7.92019,-0.89131,0.022121,0.4978,0.6437,0.0003157
686,1370628,0.01942,8.01673,-0.8417,0.01975,0.4535,0.731,0.0003147
687,1372626,0.02474,8.66281,-0.7997,0.034232,0.4772,0.7067,0.0003137
688,1374624,0.01645,6.97616,-0.78138,0.020735,0.4385,0.755,0.0003127
689,1376622,0.01752,7.24321,-0.93892,0.024185,0.5005,0.7189,0.0003117
690,1378620,0.02348,7.53852,-0.77591,4.984604687087825e+34,0.4931,0.7258,0.0003107
691,1380618,0.01902,8.39085,-0.7886,0.025713,0.4106,0.7514,0.0003097
692,1382616,0.02538,8.68212,-0.84921,1.6615348956959417e+35,0.517,0.6975,0.0003087
693,1384614,0.02119,9.25011,-0.86405,0.029731,0.5598,0.6594,0.0003077
694,1386612,0.01304,8.31854,-0.68694,0.016997,0.427,0.7426,0.0003067
695,1388610,0.01354,8.12632,-0.61331,0.015419,0.3825,0.7679,0.0003057
696,1390608,0.02622,9.15844,-0.79169,1.6615348956959417e+34,0.4605,0.7377,0.0003047
697,1392606,0.01866,9.02788,-0.79014,0.026931,0.4793,0.6862,0.0003037
698,1394604,0.02652,8.50714,-0.71253,0.01934,0.4206,0.758,0.0003027
699,1396602,0.01963,7.4309,-0.7513,0.015196,0.4411,0.7786,0.0003017
700,1398600,0.02745,8.19441,-0.68419,0.033109,0.4679,0.6954,0.0003007
701,1400598,0.02005,6.77842,-0.6851,0.029421,0.4551,0.7132,0.0002997
702,1402596,0.02594,7.20338,-0.62941,1.99384187483513e+35,0.4208,0.7138,0.0002987
703,1404594,0.0247,6.45567,-0.606,0.067988,0.4111,0.7203,0.0002977
704,1406592,0.02963,6.6137,-0.54834,0.025441,0.4386,0.6795,0.0002967
705,1408590,0.02363,6.39078,-0.65502,0.024077,0.4608,0.7209,0.0002957
706,1410588,0.03403,6.67754,-0.71125,0.04164,0.5087,0.772,0.0002947
707,1412586,0.0333,6.54171,-0.68766,2.1003505219951263e+35,0.5382,0.6875,0.0002937
708,1414584,0.02311,6.37006,-0.78772,0.02666,0.5095,0.7019,0.0002927
709,1416582,0.01177,7.38355,-0.70199,0.016783,0.3957,0.7041,0.0002917
710,1418580,0.01752,6.0,-0.66901,1.1630744269871592e+35,0.4488,0.7668,0.0002907
711,1420578,0.03037,7.70339,-0.71016,3.3230697913918834e+34,0.5026,0.6646,0.0002897
712,1422576,0.03371,7.09575,-0.6728,0.035383,0.4682,0.7275,0.0002887
713,1424574,0.019,7.30054,-0.62132,1.1630744269871592e+35,0.3503,0.751,0.0002877
714,1426572,0.03125,7.81643,-0.70965,0.03267,0.4518,0.6743,0.0002867
715,1428570,0.02716,7.34425,-0.72406,1.6018900532863438e+35,0.418,0.74,0.0002857
716,1430568,0.02122,8.87171,-0.80028,0.025088,0.4722,0.6845,0.0002847
717,1432566,0.02339,8.70627,-0.79598,0.022906,0.4874,0.7194,0.0002837
718,1434564,0.02444,8.64684,-0.6929,1.3292279165567534e+35,0.4285,0.7367,0.0002827
719,1436562,0.02047,8.83615,-0.59491,0.027781,0.3755,0.7309,0.0002817
720,1438560,0.01832,7.78629,-0.66118,0.017023,0.3994,0.7134,0.0002807
721,1440558,0.03065,7.44181,-0.68426,3.3230697913918834e+34,0.4366,0.7281,0.0002797
722,1442556,0.0153,8.59186,-0.59968,0.01781,0.369,0.6959,0.0002787
723,1444554,0.01721,6.59028,-0.51216,0.024817,0.3703,0.6846,0.0002777
724,1446552,0.01709,6.02519,-0.47831,1.1034295845775613e+35,0.2941,0.7103,0.0002767
725,1448550,0.02426,6.24047,-0.5402,6.646139582783767e+34,0.3895,0.6677,0.0002757
726,1450548,0.02276,4.54398,-0.45199,0.030871,0.3994,0.6909,0.0002747
727,1452546,0.02415,4.58296,-0.55057,3.3230697913918834e+34,0.3771,0.723,0.0002737
728,1454544,0.01844,5.60342,-0.55306,0.024158,0.4034,0.7212,0.0002727
729,1456542,0.02505,5.52081,-0.49796,0.040884,0.3816,0.7003,0.0002717
730,1458540,0.03174,5.47678,-0.47723,0.031703,0.4021,0.67,0.0002707
731,1460538,0.02099,4.53763,-0.43782,0.031325,0.3662,0.7126,0.0002697
732,1462536,0.01683,5.32197,-0.46727,3.3230697913918834e+34,0.4158,0.7204,0.0002687
733,1464534,0.02567,5.35097,-0.53653,0.030568,0.4668,0.6843,0.0002677
734,1466532,0.04068,5.62289,-0.58918,1.3292279165567534e+35,0.5291,0.6362,0.0002667
735,1468530,0.01991,5.38134,-0.57037,0.020106,0.3964,0.7369,0.0002657
736,1470528,0.01716,5.35392,-0.69515,2.8118282850239013e+35,0.454,0.7719,0.0002647
737,1472526,0.02903,7.17203,-0.53343,0.032901,0.3969,0.6952,0.0002637
738,1474524,0.0232,6.42879,-0.59269,6.646139582783767e+34,0.4363,0.7104,0.0002627
739,1476522,0.02969,5.23206,-0.65671,1.6615348956959417e+34,0.5359,0.696,0.0002617
740,1478520,0.0271,6.60328,-0.64963,0.016732,0.4375,0.7069,0.0002607
741,1480518,0.02794,6.45604,-0.59605,1.3292279165567534e+35,0.452,0.6855,0.0002597
742,1482516,0.02991,5.63773,-0.68463,0.0361,0.5343,0.6815,0.0002587
743,1484514,0.01791,6.09403,-0.49322,0.026283,0.3802,0.7046,0.0002577
744,1486512,0.01809,5.23601,-0.48116,0.020996,0.3935,0.7223,0.0002567
745,1488510,0.02665,5.51832,-0.4696,0.025699,0.4384,0.715,0.0002557
746,1490508,0.02836,5.09226,-0.57656,0.040275,0.4973,0.6945,0.0002547
747,1492506,0.02882,5.75946,-0.58864,2.7266213672959043e+34,0.4841,0.7138,0.0002537
748,1494504,0.03002,5.6573,-0.42534,0.035272,0.3873,0.6634,0.0002527
749,1496502,0.02528,5.47451,-0.54386,0.024483,0.4615,0.7404,0.0002517
750,1498500,0.05547,5.18696,-0.546,0.045114,0.4873,0.6697,0.0002508
751,1500498,0.04545,4.99471,-0.4926,0.046607,0.5295,0.6946,0.0002498
752,1502496,0.01636,5.19833,-0.37206,0.016048,0.3474,0.7368,0.0002488
753,1504494,0.02393,4.85799,-0.39158,0.027067,0.3698,0.6331,0.0002478
754,1506492,0.02721,4.59688,-0.38435,0.02095,0.3838,0.6231,0.0002468
755,1508490,0.0301,4.14037,-0.38371,0.046189,0.3802,0.6289,0.0002458
756,1510488,0.01836,3.43949,-0.31326,1.3292279165567534e+35,0.3438,0.668,0.0002448
757,1512486,0.01624,3.5483,-0.35532,0.024433,0.3648,0.5829,0.0002438
758,1514484,0.02164,4.05417,-0.42185,0.013391,0.3921,0.6459,0.0002428
759,1516482,0.03118,3.51905,-0.35257,0.019806,0.3813,0.6726,0.0002418
760,1518480,0.01942,4.39772,-0.35513,0.021398,0.345,0.5839,0.0002408
761,1520478,0.02362,3.46979,-0.31989,3.3230697913918834e+34,0.3495,0.6401,0.0002398
762,1522476,0.01183,3.83082,-0.37897,0.015234,0.3872,0.6543,0.0002388
763,1524474,0.01934,3.55191,-0.29659,0.015491,0.3005,0.7055,0.0002378
764,1526472,0.01656,3.56111,-0.3454,0.01405,0.3309,0.6685,0.0002368
765,1528470,0.0303,3.86133,-0.34692,0.036199,0.3752,0.6181,0.0002358
766,1530468,0.01653,3.50517,-0.29196,0.012504,0.2849,0.5498,0.0002348
767,1532466,0.02585,3.94998,-0.30437,0.014788,0.3084,0.5529,0.0002338
768,1534464,0.01814,3.98526,-0.39157,6.646139582783767e+34,0.3429,0.6346,0.0002328
769,1536462,0.01602,3.14001,-0.26989,0.014825,0.3168,0.7112,0.0002318
770,1538460,0.0231,3.51059,-0.33425,0.033951,0.3489,0.6481,0.0002308
771,1540458,0.01664,3.13226,-0.28627,0.027067,0.3124,0.6563,0.0002298
772,1542456,0.01605,3.56703,-0.27174,8.3076744784797085e+34,0.259,0.6524,0.0002288
773,1544454,0.01718,3.12831,-0.29362,0.019132,0.3189,0.611,0.0002278
774,1546452,0.01354,3.34931,-0.27124,0.008102,0.2618,0.6316,0.0002268
775,1548450,0.01974,3.48446,-0.32571,1.1034295845775613e+35,0.3115,0.596,0.0002258
776,1550448,0.01436,3.84492,-0.26483,3.3230697913918834e+34,0.2604,0.6399,0.0002248
777,1552446,0.01284,4.08165,-0.2982,0.011858,0.3021,0.6055,0.0002238
778,1554444,0.01745,3.43797,-0.27227,0.017552,0.3096,0.6571,0.0002228
779,1556442,0.02435,3.54295,-0.29112,0.017814,0.3328,0.5956,0.0002218
780,1558440,0.01781,3.62803,-0.32083,0.022923,0.33,0.5309,0.0002208
781,1560438,0.01479,3.67465,-0.29248,0.015502,0.3076,0.6558,0.0002198
782,1562436,0.01781,3.60546,-0.30219,1.3292279165567534e+35,0.3326,0.5826,0.0002188
783,1564434,0.01436,3.2475,-0.2891,0.011848,0.3116,0.5785,0.0002178
784,1566432,0.02041,3.08512,-0.33133,0.01864,0.3618,0.6479,0.0002168
785,1568430,0.01461,4.024,-0.41057,0.01413,0.3534,0.699,0.0002158
786,1570428,0.02024,3.74732,-0.36122,0.029877,0.39,0.6676,0.0002148
787,1572426,0.01551,3.99643,-0.32974,0.010323,0.3398,0.7163,0.0002138
788,1574424,0.02093,4.57985,-0.37386,0.01771,0.3976,0.5747,0.0002128
789,1576422,0.02347,3.97052,-0.39455,0.018048,0.3728,0.7021,0.0002118
790,1578420,0.01477,4.36324,-0.40337,8.3076744784797085e+34,0.3565,0.7132,0.0002108
791,1580418,0.02256,4.36346,-0.38367,4.984604687087825e+34,0.4398,0.6592,0.0002098
792,1582416,0.02032,4.09305,-0.41593,0.014729,0.4129,0.7151,0.0002088
793,1584414,0.02145,4.55441,-0.42425,1.6615348956959417e+34,0.4655,0.6876,0.0002078
794,1586412,0.02079,4.97447,-0.44764,0.013984,0.4316,0.7216,0.0002068
795,1588410,0.03138,4.94934,-0.39073,8.3076744784797085e+34,0.449,0.6194,0.0002058
796,1590408,0.02956,4.56414,-0.43256,0.042672,0.3805,0.7112,0.0002048
797,1592406,0.01642,4.75538,-0.48395,0.014407,0.3976,0.7698,0.0002038
798,1594404,0.03074,5.27945,-0.45991,0.032148,0.4175,0.6947,0.0002028
799,1596402,0.0174,5.23644,-0.50191,0.014918,0.442,0.7708,0.0002018
800,1598400,0.02792,5.45184,-0.44156,0.029079,0.4485,0.7671,0.0002008
801,1600398,0.06294,5.50361,-0.26725,0.07323,0.4251,0.697,0.0001998
802,1602396,0.03779,3.50919,-0.17523,0.022327,0.3286,0.5497,0.0001988
803,1604394,0.01083,3.40042,-0.20471,0.006445,0.3051,0.5534,0.0001978
804,1606392,0.00974,2.47423,-0.23495,0.007024,0.3547,0.6794,0.0001968
805,1608390,0.00961,2.7276,-0.18328,0.005807,0.2773,0.518,0.0001958
806,1610388,0.01691,2.13513,-0.22011,0.006878,0.3553,0.6683,0.0001948
807,1612386,0.0148,2.70173,-0.26087,0.014859,0.3708,0.6262,0.0001938
808,1614384,0.01096,1.86707,-0.19545,0.012181,0.3239,0.6793,0.0001928
809,1616382,0.01258,2.04549,-0.19462,0.006234,0.3188,0.5921,0.0001918
810,1618380,0.01265,1.93869,-0.21172,0.007046,0.3475,0.604,0.0001908
811,1620378,0.00595,2.08355,-0.2032,0.006385,0.2725,0.6888,0.0001898
812,1622376,0.00996,2.4713,-0.21519,0.008645,0.2935,0.6638,0.0001888
813,1624374,0.0121,2.06143,-0.20907,0.006966,0.3129,0.5974,0.0001878
814,1626372,0.01744,2.52353,-0.21402,0.010456,0.3219,0.6573,0.0001868
815,1628370,0.01865,2.26379,-0.16126,0.010938,0.3132,0.586,0.0001858
816,1630368,0.02177,2.03822,-0.1862,0.017849,0.3697,0.5821,0.0001848
817,1632366,0.01361,2.16301,-0.18207,0.008278,0.2884,0.604,0.0001838
818,1634364,0.00748,1.95866,-0.18681,0.004424,0.3198,0.6132,0.0001828
819,1636362,0.01517,2.15144,-0.18285,0.008985,0.3143,0.5157,0.0001818
820,1638360,0.00994,2.20692,-0.15317,0.007068,0.2509,0.5758,0.0001808
821,1640358,0.01003,1.96501,-0.15575,0.006459,0.2816,0.5926,0.0001798
822,1642356,0.00687,1.92501,-0.13863,0.003834,0.2707,0.6704,0.0001788
823,1644354,0.00924,2.04831,-0.14722,0.004291,0.2487,0.6313,0.0001778
824,1646352,0.00766,2.03854,-0.2132,0.003881,0.3034,0.7258,0.0001768
825,1648350,0.00895,2.05473,-0.17126,0.00451,0.3177,0.6913,0.0001758
826,1650348,0.00886,1.93432,-0.15701,0.004141,0.284,0.6246,0.0001748
827,1652346,0.00793,2.02353,-0.16218,0.005419,0.3189,0.6418,0.0001738
828,1654344,0.00882,1.76292,-0.15651,0.005702,0.3634,0.5732,0.0001728
829,1656342,0.00774,2.05213,-0.14295,0.00507,0.2584,0.6522,0.0001718
830,1658340,0.01172,2.09727,-0.1328,0.004171,0.3139,0.5415,0.0001708
831,1660338,0.01871,2.21939,-0.14868,0.008748,0.4021,0.5537,0.0001698
832,1662336,0.00662,1.75701,-0.15456,0.003541,0.3084,0.5579,0.0001688
833,1664334,0.00468,1.74218,-0.16081,0.00327,0.2888,0.5561,0.0001678
834,1666332,0.00505,1.76458,-0.14102,0.002255,0.2559,0.6298,0.0001668
835,1668330,0.00627,1.78382,-0.14779,0.001988,0.2567,0.6514,0.0001658
836,1670328,0.00527,1.85655,-0.11551,0.003121,0.273,0.6113,0.0001648
837,1672326,0.00764,1.90475,-0.13802,0.002596,0.255,0.6185,0.0001638
838,1674324,0.01225,1.97791,-0.19093,0.003745,0.3411,0.6877,0.0001628
839,1676322,0.00551,2.19595,-0.11461,0.003174,0.3349,0.5293,0.0001618
840,1678320,0.00684,1.72658,-0.12966,0.003532,0.2834,0.5912,0.0001608
841,1680318,0.00514,1.84393,-0.15546,0.001005,0.2392,0.6448,0.0001598
842,1682316,0.00339,1.88173,-0.13506,0.001327,0.2542,0.601,0.0001588
843,1684314,0.01355,2.29787,-0.16197,0.003882,0.2954,0.6555,0.0001578
844,1686312,0.00785,2.18425,-0.11787,0.003413,0.2724,0.5248,0.0001568
845,1688310,0.0093,2.35482,-0.15347,0.005192,0.3544,0.5971,0.0001558
846,1690308,0.00655,1.9662,-0.13006,0.004063,0.3022,0.6356,0.0001548
847,1692306,0.00746,1.75124,-0.10487,0.003907,0.2617,0.6072,0.0001538
848,1694304,0.00569,1.76196,-0.1187,0.002398,0.2342,0.5353,0.0001528
849,1696302,0.00838,2.31589,-0.1349,0.007949,0.3098,0.4907,0.0001518
850,1698300,0.01114,1.66642,-0.17788,0.00475,0.3692,0.6949,0.0001509
851,1700298,0.01279,1.79202,-0.16455,0.006754,0.3396,0.7178,0.0001499
852,1702296,0.0053,1.93,-0.14773,0.002299,0.2878,0.7431,0.0001489
853,1704294,0.00464,1.76149,-0.14359,0.002297,0.225,0.6903,0.0001479
854,1706292,0.00693,2.22953,-0.12116,0.003026,0.2529,0.623,0.0001469
855,1708290,0.00696,2.09149,-0.16278,0.00365,0.3343,0.5438,0.0001459
856,1710288,0.00199,1.88858,-0.16719,0.00088,0.2076,0.7034,0.0001449
857,1712286,0.00596,2.23044,-0.14648,0.00215,0.2689,0.6643,0.0001439
858,1714284,0.00299,2.02211,-0.14132,0.001917,0.2467,0.6911,0.0001429
859,1716282,0.00528,2.02346,-0.1492,0.001883,0.258,0.5957,0.0001419
860,1718280,0.00504,1.85517,-0.14827,0.003303,0.2622,0.5796,0.0001409
861,1720278,0.00344,2.174,-0.1493,0.002692,0.2622,0.5613,0.0001399
862,1722276,0.00678,1.82782,-0.13653,0.004087,0.265,0.6619,0.0001389
863,1724274,0.00596,1.74506,-0.15331,0.002803,0.2507,0.5884,0.0001379
864,1726272,0.0111,2.19042,-0.15812,0.006086,0.3249,0.5694,0.0001369
865,1728270,0.00572,2.30453,-0.15,0.002633,0.2854,0.6144,0.0001359
866,1730268,0.00424,1.46621,-0.15502,0.002587,0.2692,0.7295,0.0001349
867,1732266,0.00399,2.08322,-0.14476,0.002405,0.2654,0.6677,0.0001339
868,1734264,0.0064,1.87249,-0.17224,0.004454,0.3318,0.6386,0.0001329
869,1736262,0.00891,2.10828,-0.1639,0.002066,0.2951,0.7612,0.0001319
870,1738260,0.00721,1.80882,-0.1485,0.001934,0.272,0.7228,0.0001309
871,1740258,0.00897,2.14276,-0.17159,0.003409,0.3022,0.6627,0.0001299
872,1742256,0.00893,2.15043,-0.14351,0.002709,0.321,0.592,0.0001289
873,1744254,0.01258,1.95845,-0.1601,0.00689,0.4004,0.6225,0.0001279
874,1746252,0.00972,2.47413,-0.15882,0.003721,0.3249,0.6495,0.0001269
875,1748250,0.0134,1.91961,-0.20154,0.006922,0.4235,0.6511,0.0001259
876,1750248,0.00526,1.95569,-0.16674,0.002515,0.2965,0.7016,0.0001249
877,1752246,0.01391,1.76929,-0.17343,0.005646,0.3423,0.7388,0.0001239
878,1754244,0.0083,1.91117,-0.17856,0.003083,0.3145,0.7118,0.0001229
879,1756242,0.00389,2.01931,-0.13397,0.001413,0.2228,0.6654,0.0001219
880,1758240,0.00595,2.12954,-0.14302,0.001941,0.2257,0.7081,0.0001209
881,1760238,0.00667,1.84701,-0.15095,0.002368,0.2562,0.7261,0.0001199
882,1762236,0.00464,2.03612,-0.14559,0.003458,0.2176,0.7121,0.0001189
883,1764234,0.00518,1.79602,-0.1463,0.00161,0.2327,0.64,0.0001179
884,1766232,0.00401,1.82722,-0.11617,0.001361,0.2333,0.7427,0.0001169
885,1768230,0.00503,1.73602,-0.13185,0.001842,0.2442,0.7358,0.0001159
886,1770228,0.00437,1.94368,-0.14113,0.002281,0.2609,0.6657,0.0001149
887,1772226,0.00313,1.8445,-0.14599,0.001633,0.2115,0.6835,0.0001139
888,1774224,0.00255,1.79914,-0.1674,0.001583,0.24,0.6236,0.0001129
889,1776222,0.00703,1.68209,-0.15181,0.002398,0.244,0.6807,0.0001119
890,1778220,0.00552,2.01807,-0.11666,0.00216,0.2446,0.6377,0.0001109
891,1780218,0.01129,1.98251,-0.1195,0.005217,0.3261,0.5948,0.0001099
892,1782216,0.00468,1.61297,-0.13241,0.001906,0.2716,0.5424,0.0001089
893,1784214,0.01242,1.73866,-0.139,0.009725,0.3368,0.6167,0.0001079
894,1786212,0.00512,1.92815,-0.13342,0.002083,0.305,0.6367,0.0001069
895,1788210,0.00645,1.57192,-0.13026,0.003378,0.2946,0.6584,0.0001059
896,1790208,0.00658,1.87429,-0.13999,0.004129,0.3033,0.5804,0.0001049
897,1792206,0.00615,2.02192,-0.1078,0.0024,0.2552,0.6613,0.0001039
898,1794204,0.00947,1.73129,-0.14848,0.004078,0.3272,0.6872,0.0001029
899,1796202,0.00458,1.64514,-0.15811,0.002509,0.3119,0.7051,0.0001019
900,1798200,0.00583,1.71797,-0.11126,0.003241,0.2895,0.6724,0.0001009
901,1800198,0.0042,1.86978,-0.14038,0.001945,0.2889,0.5827,9.99e-05
902,1802196,0.00956,1.90417,-0.12189,0.005779,0.3629,0.6151,9.89e-05
903,1804194,0.00499,2.04859,-0.14382,0.001394,0.3263,0.6575,9.79e-05
904,1806192,0.00875,1.85795,-0.15685,0.004008,0.3945,0.6762,9.69e-05
905,1808190,0.00306,1.92686,-0.14747,0.001165,0.2631,0.6791,9.59e-05
906,1810188,0.00866,1.86186,-0.15371,0.002718,0.3047,0.689,9.49e-05
907,1812186,0.00772,1.99528,-0.14324,0.003095,0.3841,0.6661,9.39e-05
908,1814184,0.00522,2.32678,-0.1507,0.002052,0.3439,0.5567,9.29e-05
909,1816182,0.00897,2.4364,-0.1442,0.002165,0.3756,0.5984,9.19e-05
910,1818180,0.01542,2.57574,-0.18007,0.007619,0.5138,0.4905,9.09e-05
911,1820178,0.00918,2.43462,-0.14695,0.003525,0.4012,0.6345,8.99e-05
912,1822176,0.00848,2.25449,-0.11511,0.002414,0.3624,0.6775,8.89e-05
913,1824174,0.0115,2.29587,-0.15999,0.00904,0.4265,0.6436,8.79e-05
914,1826172,0.01195,2.78612,-0.20686,0.012398,0.4146,0.6501,8.69e-05
915,1828170,0.00896,2.10013,-0.15165,0.002633,0.3347,0.768,8.59e-05
916,1830168,0.00446,2.42007,-0.1888,0.001601,0.3149,0.6491,8.49e-05
917,1832166,0.00623,2.22069,-0.16098,0.004866,0.3572,0.6848,8.39e-05
918,1834164,0.01093,2.137,-0.18358,0.004496,0.3896,0.4901,8.29e-05
919,1836162,0.00322,1.95512,-0.19829,0.003134,0.288,0.7015,8.19e-05
920,1838160,0.00344,2.59904,-0.14694,0.001654,0.2623,0.5568,8.09e-05
921,1840158,0.00579,2.16086,-0.19113,0.002306,0.3445,0.6091,7.99e-05
922,1842156,0.00506,2.31294,-0.18829,0.00177,0.3213,0.6536,7.89e-05
923,1844154,0.01248,2.24269,-0.19057,0.005672,0.4471,0.6276,7.79e-05
924,1846152,0.00736,2.20517,-0.18256,0.006528,0.3348,0.6866,7.69e-05
925,1848150,0.00701,2.28594,-0.1752,0.002595,0.3382,0.586,7.59e-05
926,1850148,0.00355,2.44998,-0.16693,0.002105,0.2737,0.6562,7.49e-05
927,1852146,0.00846,2.21039,-0.20439,0.00501,0.3858,0.7128,7.39e-05
928,1854144,0.00622,2.31431,-0.18593,0.002169,0.3195,0.6085,7.29e-05
929,1856142,0.00641,2.43342,-0.13324,0.002546,0.2921,0.5666,7.19e-05
930,1858140,0.01064,2.91531,-0.19376,0.030341,0.3686,0.534,7.09e-05
931,1860138,0.012,2.28241,-0.19735,0.006839,0.3843,0.6175,6.99e-05
932,1862136,0.00476,2.45885,-0.18622,0.001881,0.2772,0.7753,6.89e-05
933,1864134,0.00882,2.92733,-0.21539,0.005448,0.3965,0.606,6.79e-05
934,1866132,0.00932,2.59388,-0.20224,0.005594,0.3493,0.5912,6.69e-05
935,1868130,0.0071,2.48169,-0.17759,0.002172,0.2979,0.637,6.59e-05
936,1870128,0.0186,2.45768,-0.19145,6.646139582783767e+34,0.3586,0.6207,6.49e-05
937,1872126,0.01968,2.56059,-0.25408,0.013058,0.4154,0.6444,6.39e-05
938,1874124,0.0188,2.51041,-0.23254,0.008743,0.4064,0.6949,6.29e-05
939,1876122,0.00719,2.3903,-0.20737,0.003262,0.3048,0.7419,6.19e-05
940,1878120,0.00458,2.36588,-0.19417,0.001489,0.2438,0.7588,6.09e-05
941,1880118,0.0084,2.60435,-0.19061,0.003415,0.3395,0.6022,5.99e-05
942,1882116,0.00766,2.76209,-0.2371,0.004889,0.3476,0.588,5.89e-05
943,1884114,0.00965,2.458,-0.21397,0.005478,0.3841,0.7529,5.79e-05
944,1886112,0.0111,2.89086,-0.17206,0.004741,0.3436,0.7058,5.69e-05
945,1888110,0.02233,2.81969,-0.19929,0.01876,0.4297,0.6418,5.59e-05
946,1890108,0.01053,2.56411,-0.16184,0.003873,0.3333,0.6995,5.49e-05
947,1892106,0.01166,3.02304,-0.18793,0.005158,0.3334,0.7622,5.39e-05
948,1894104,0.01579,2.70949,-0.19747,0.016582,0.3522,0.6313,5.29e-05
949,1896102,0.01412,2.90339,-0.22107,0.00974,0.4055,0.608,5.19e-05
950,1898100,0.01292,2.67431,-0.20968,0.006929,0.3778,0.6631,5.1e-05
951,1900098,0.01634,2.8272,-0.24292,0.006608,0.3962,0.7062,5e-05
952,1902096,0.00511,2.78413,-0.19277,0.00201,0.2676,0.6906,4.9e-05
953,1904094,0.01517,2.90197,-0.22343,0.010808,0.3885,0.7171,4.8e-05
954,1906092,0.00343,3.03613,-0.21085,0.003705,0.282,0.6325,4.7e-05
955,1908090,0.00845,3.11076,-0.18405,0.0043,0.3631,0.6651,4.6e-05
956,1910088,0.01458,3.04947,-0.21099,0.013444,0.3762,0.6062,4.5e-05
957,1912086,0.0101,2.86893,-0.21449,0.003324,0.354,0.6866,4.4e-05
958,1914084,0.01087,2.53519,-0.13827,0.004202,0.3555,0.7537,4.3e-05
959,1916082,0.00536,3.09613,-0.20099,0.001937,0.2875,0.7367,4.2e-05
960,1918080,0.00693,2.7102,-0.22135,0.002049,0.3326,0.6593,4.1e-05
961,1920078,0.00492,2.73068,-0.16659,0.003768,0.2873,0.6195,4e-05
962,1922076,0.00849,2.35959,-0.20908,0.003536,0.3873,0.7379,3.9e-05
963,1924074,0.00494,2.59788,-0.20108,0.001272,0.2952,0.6603,3.8e-05
964,1926072,0.00624,2.80293,-0.26564,0.003043,0.361,0.6453,3.7e-05
965,1928070,0.01275,2.81677,-0.21405,0.010597,0.3784,0.6289,3.6e-05
966,1930068,0.00448,2.6281,-0.19809,0.001626,0.3474,0.7095,3.5e-05
967,1932066,0.00823,2.6009,-0.18344,0.003606,0.3332,0.7027,3.4e-05
968,1934064,0.00831,2.61884,-0.21794,0.005426,0.3774,0.4526,3.3e-05
969,1936062,0.01001,2.75433,-0.16838,0.004269,0.3526,0.5922,3.2e-05
970,1938060,0.00389,2.81574,-0.19181,0.002384,0.2708,0.6713,3.1e-05
971,1940058,0.00937,2.6716,-0.20498,0.007142,0.3206,0.7376,3e-05
972,1942056,0.00483,2.63648,-0.19974,0.003075,0.343,0.7444,2.9e-05
973,1944054,0.00516,2.34267,-0.20646,0.001518,0.2403,0.7367,2.8e-05
974,1946052,0.0091,2.55216,-0.18817,0.00478,0.3594,0.6921,2.7e-05
975,1948050,0.00485,2.73878,-0.19075,0.000932,0.3087,0.7134,2.6e-05
976,1950048,0.00629,2.5841,-0.19632,0.002771,0.3183,0.7135,2.5e-05
977,1952046,0.00336,2.679,-0.19347,0.001017,0.2901,0.727,2.4e-05
978,1954044,0.00922,2.67942,-0.20147,0.002486,0.3334,0.7192,2.3e-05
979,1956042,0.00432,3.03197,-0.17627,0.000901,0.1996,0.6387,2.2e-05
980,1958040,0.00659,2.50068,-0.14219,0.002371,0.2895,0.7852,2.1e-05
981,1960038,0.00533,3.03597,-0.19991,0.002002,0.3007,0.7067,2e-05
982,1962036,0.00876,3.10245,-0.17761,0.002609,0.3192,0.657,1.9e-05
983,1964034,0.00394,2.83807,-0.19781,0.001824,0.2918,0.7311,1.8e-05
984,1966032,0.00648,3.24335,-0.21498,0.001642,0.3105,0.6185,1.7e-05
985,1968030,0.00224,3.14122,-0.20473,0.000864,0.2336,0.7158,1.6e-05
986,1970028,0.00947,2.73428,-0.18544,0.004276,0.3534,0.6791,1.5e-05
987,1972026,0.00356,2.5323,-0.19422,0.002166,0.29,0.7744,1.4e-05
988,1974024,0.00533,3.28567,-0.18119,0.000852,0.244,0.6876,1.3e-05
989,1976022,0.0012,2.55912,-0.15226,0.000433,0.2285,0.7492,1.2e-05
990,1978020,0.00156,2.31393,-0.15891,0.000506,0.2449,0.7835,1.1e-05
991,1980018,0.00444,3.14705,-0.14896,0.001259,0.2556,0.6694,1e-05
992,1982016,0.00352,2.7982,-0.16729,0.000566,0.2041,0.7699,9e-06
993,1984014,0.00515,3.09142,-0.21687,0.001583,0.3062,0.5401,8e-06
994,1986012,0.00192,3.54543,-0.21336,0.000477,0.2429,0.6107,7e-06
995,1988010,0.00018,2.50284,-0.18939,0.000353,0.1768,0.7702,6e-06
996,1990008,0.00288,2.61349,-0.23434,0.000611,0.1601,0.7744,5e-06
997,1992006,0.00212,3.09462,-0.18069,0.000227,0.1201,0.6841,4e-06
998,1994004,0.00021,3.00406,-0.19455,0.000218,0.1236,0.7658,3e-06
999,1996002,0.00079,3.52413,-0.15697,0.000163,0.1299,0.6183,2e-06
1000,1998000,0.00091,3.15388,-0.18163,4.9e-05,0.0622,0.6856,1e-06
1001,1999998,-0.00258,3.26198,-0.18576,0.0,0.0,0.8105,0.0
1002,2001996,0.00077,3.02472,-0.18813,0.0,0.0,0.754,0.0
