episode,step,reward,length,running_avg,epsilon
1,100,-11.79,100,-11.79,0.9991
2,201,-8.37,101,-10.08,0.9982
3,344,-10.76,143,-10.31,0.9969
4,444,-13.33,100,-11.06,0.996
5,545,-4.57,101,-9.76,0.9951
6,664,1.18,119,-7.94,0.994
7,839,24.74,175,-3.27,0.9925
8,939,-14.54,100,-4.68,0.9916
9,1059,11.93,120,-2.84,0.9905
10,1221,6.88,162,-1.86,0.989
11,1322,-7.07,101,-2.34,0.9881
12,1422,-15.0,100,-3.39,0.9872
13,1602,0.41,180,-3.1,0.9856
14,1709,-5.64,107,-3.28,0.9846
15,1831,-6.18,122,-3.47,0.9835
16,1981,15.47,150,-2.29,0.9822
17,2082,-5.81,101,-2.5,0.9813
18,2182,-10.59,100,-2.95,0.9804
19,2283,-9.26,101,-3.28,0.9795
20,2473,3.04,190,-2.96,0.9778
21,2585,-2.73,112,-2.95,0.9767
22,2685,-14.73,100,-3.49,0.9758
23,2883,0.35,198,-3.32,0.9741
24,3015,1.67,132,-3.11,0.9729
25,3191,0.5,176,-2.97,0.9713
26,3358,10.39,167,-2.45,0.9698
27,3516,11.38,158,-1.94,0.9684
28,3623,-2.06,107,-1.95,0.9674
29,3723,-11.15,100,-2.26,0.9665
30,3891,9.2,168,-1.88,0.965
31,3997,-3.39,106,-1.93,0.964
32,4097,-15.38,100,-2.35,0.9631
33,4209,-4.36,112,-2.41,0.9621
34,4310,-9.34,101,-2.62,0.9612
35,4411,-8.95,101,-2.8,0.9603
36,4512,-6.27,101,-2.89,0.9594
37,4612,-14.55,100,-3.21,0.9585
38,4712,-12.97,100,-3.46,0.9576
39,4813,-7.07,101,-3.56,0.9567
40,4913,-17.12,100,-3.9,0.9558
41,5106,3.88,193,-3.71,0.9541
42,5206,-11.12,100,-3.88,0.9532
43,5398,-7.62,192,-3.97,0.9514
44,5556,10.74,158,-3.64,0.95
45,5657,-7.29,101,-3.72,0.9491
46,5758,-5.11,101,-3.75,0.9482
47,5937,-0.43,179,-3.68,0.9466
48,6072,-5.39,135,-3.71,0.9454
49,6172,-17.81,100,-4.0,0.9445
50,6286,-2.41,114,-3.97,0.9434
51,6409,-4.47,123,-3.98,0.9423
52,6560,-8.09,151,-4.06,0.941
53,6664,-3.93,104,-4.05,0.94
54,6778,-2.29,114,-4.02,0.939
55,6998,-1.26,220,-3.97,0.937
56,7187,-8.1,189,-4.05,0.9353
57,7287,-16.27,100,-4.26,0.9344
58,7392,-4.96,105,-4.27,0.9335
59,7493,-3.36,101,-4.26,0.9326
60,7680,-4.42,187,-4.26,0.9309
61,7781,-8.14,101,-4.32,0.93
62,7882,-5.24,101,-4.34,0.9291
63,7982,-21.01,100,-4.6,0.9282
64,8087,-2.43,105,-4.57,0.9272
65,8229,7.84,142,-4.38,0.9259
66,8329,-20.06,100,-4.62,0.925
67,8429,-16.61,100,-4.79,0.9241
68,8536,-4.7,107,-4.79,0.9232
69,8664,-7.13,128,-4.83,0.922
70,8796,6.9,132,-4.66,0.9208
71,8913,-5.29,117,-4.67,0.9198
72,9046,-6.61,133,-4.7,0.9186
73,9146,-13.68,100,-4.82,0.9177
74,9246,-13.98,100,-4.94,0.9168
75,9347,-5.31,101,-4.95,0.9159
76,9447,-11.83,100,-5.04,0.915
77,9562,-5.85,115,-5.05,0.914
78,9710,18.29,148,-4.75,0.9126
79,9811,-8.14,101,-4.79,0.9117
80,9975,-21.17,164,-5.0,0.9102
81,10147,0.64,172,-4.93,0.9087
82,10294,-11.18,147,-5.0,0.9074
83,10406,-4.8,112,-5.0,0.9064
84,10527,-3.87,121,-4.99,0.9053
85,10641,8.16,114,-4.83,0.9042
86,10777,-5.08,136,-4.84,0.903
87,10877,-15.95,100,-4.96,0.9021
88,11065,-3.53,188,-4.95,0.9004
89,11185,2.72,120,-4.86,0.8993
90,11313,0.46,128,-4.8,0.8982
91,11414,-7.79,101,-4.83,0.8973
92,11608,-5.92,194,-4.85,0.8955
93,11709,-9.47,101,-4.9,0.8946
94,11836,-6.91,127,-4.92,0.8935
95,11936,-11.22,100,-4.98,0.8926
96,12036,-12.56,100,-5.06,0.8917
97,12143,-1.84,107,-5.03,0.8907
98,12252,0.62,109,-4.97,0.8897
99,12420,12.35,168,-4.8,0.8882
100,12597,-10.29,177,-4.85,0.8866
101,12698,-3.73,101,-4.77,0.8857
102,12802,-4.44,104,-4.73,0.8848
103,12944,8.72,142,-4.54,0.8835
104,13044,-11.43,100,-4.52,0.8826
105,13162,6.65,118,-4.41,0.8816
106,13338,-1.67,176,-4.43,0.88
107,13506,1.39,168,-4.67,0.8785
108,13663,1.49,157,-4.51,0.877
109,13861,13.74,198,-4.49,0.8753
110,13972,1.35,111,-4.54,0.8743
111,14072,-10.37,100,-4.58,0.8734
112,14190,0.58,118,-4.42,0.8723
113,14327,-4.01,137,-4.47,0.8711
114,14494,-2.28,167,-4.43,0.8696
115,14594,-14.36,100,-4.51,0.8687
116,14716,-6.12,122,-4.73,0.8676
117,14816,-18.72,100,-4.86,0.8667
118,14916,-10.1,100,-4.85,0.8658
119,15087,-6.48,171,-4.83,0.8642
120,15261,2.77,174,-4.83,0.8627
121,15448,-4.51,187,-4.85,0.861
122,15549,-9.82,101,-4.8,0.8601
123,15650,-7.34,101,-4.88,0.8592
124,15750,-14.36,100,-5.04,0.8583
125,15861,-2.89,111,-5.07,0.8573
126,15962,-4.1,101,-5.21,0.8564
127,16089,-2.36,127,-5.35,0.8552
128,16190,-9.47,101,-5.43,0.8543
129,16329,9.03,139,-5.22,0.853
130,16514,4.45,185,-5.27,0.8514
131,16646,15.46,132,-5.08,0.8502
132,16775,-6.01,129,-4.99,0.849
133,16889,-5.92,114,-5.0,0.848
134,16993,-2.26,104,-4.93,0.8471
135,17094,-10.4,101,-4.95,0.8462
136,17269,10.81,175,-4.78,0.8446
137,17370,-2.95,101,-4.66,0.8437
138,17471,-8.55,101,-4.62,0.8428
139,17654,-8.78,183,-4.63,0.8411
140,17814,9.8,160,-4.37,0.8397
141,17943,25.89,129,-4.15,0.8385
142,18049,-2.25,106,-4.06,0.8376
143,18149,-15.23,100,-4.13,0.8367
144,18316,6.63,167,-4.17,0.8352
145,18502,4.27,186,-4.06,0.8335
146,18602,-10.7,100,-4.11,0.8326
147,18702,-16.92,100,-4.28,0.8317
148,18925,-10.46,223,-4.33,0.8297
149,19072,17.09,147,-3.98,0.8284
150,19173,-8.37,101,-4.04,0.8275
151,19274,-7.61,101,-4.07,0.8265
152,19393,-9.14,119,-4.08,0.8255
153,19494,-7.55,101,-4.12,0.8246
154,19617,-7.24,123,-4.17,0.8235
155,19785,0.22,168,-4.15,0.8219
156,19953,11.23,168,-3.96,0.8204
157,20053,-11.7,100,-3.91,0.8195
158,20153,-11.7,100,-3.98,0.8186
159,20358,33.65,205,-3.61,0.8168
160,20459,-3.86,101,-3.61,0.8159
161,20709,29.57,250,-3.23,0.8136
162,20898,-0.06,189,-3.18,0.8119
163,20998,-11.43,100,-3.08,0.811
164,21098,-10.8,100,-3.16,0.8101
165,21212,-4.46,114,-3.29,0.8091
166,21348,19.53,136,-2.89,0.8079
167,21504,17.15,156,-2.55,0.8065
168,21733,-1.32,229,-2.52,0.8044
169,21839,-2.93,106,-2.48,0.8035
170,21940,-4.79,101,-2.6,0.8025
171,22090,-1.78,150,-2.56,0.8012
172,22190,-10.59,100,-2.6,0.8003
173,22328,-3.92,138,-2.5,0.7991
174,22429,-3.77,101,-2.4,0.7981
175,22529,-12.22,100,-2.47,0.7972
176,22630,-9.63,101,-2.45,0.7963
177,22810,-7.81,180,-2.47,0.7947
178,22937,12.09,127,-2.53,0.7936
179,23048,-1.6,111,-2.46,0.7926
180,23148,-15.35,100,-2.41,0.7917
181,23249,-4.56,101,-2.46,0.7908
182,23356,-3.51,107,-2.38,0.7898
183,23494,-0.96,138,-2.34,0.7886
184,23594,-16.05,100,-2.46,0.7877
185,23789,7.25,195,-2.47,0.7859
186,23990,22.8,201,-2.19,0.7841
187,24199,37.72,209,-1.66,0.7822
188,24310,-1.54,111,-1.64,0.7812
189,24455,-6.45,145,-1.73,0.7799
190,24573,-5.85,118,-1.79,0.7789
191,24780,-5.71,207,-1.77,0.777
192,24934,0.09,154,-1.71,0.7756
193,25106,-8.05,172,-1.7,0.7741
194,25206,-18.12,100,-1.81,0.7732
195,25330,0.22,124,-1.7,0.772
196,25431,-8.04,101,-1.65,0.7711
197,25622,-3.67,191,-1.67,0.7694
198,25723,-10.21,101,-1.78,0.7685
199,25834,4.38,111,-1.86,0.7675
200,25964,-0.13,130,-1.75,0.7663
201,26064,-10.37,100,-1.82,0.7654
202,26241,-3.9,177,-1.82,0.7638
203,26459,6.5,218,-1.84,0.7619
204,26578,8.69,119,-1.64,0.7608
205,26678,-11.15,100,-1.81,0.7599
206,26786,-6.05,108,-1.86,0.7589
207,26947,3.08,161,-1.84,0.7575
208,27048,-4.81,101,-1.9,0.7566
209,27148,-17.12,100,-2.21,0.7557
210,27248,-14.17,100,-2.37,0.7548
211,27399,0.95,151,-2.26,0.7534
212,27499,-12.88,100,-2.39,0.7525
213,27622,12.57,123,-2.22,0.7514
214,27723,-3.64,101,-2.24,0.7505
215,27860,-9.5,137,-2.19,0.7493
216,27960,-16.61,100,-2.29,0.7484
217,28060,-14.48,100,-2.25,0.7475
218,28176,10.03,116,-2.05,0.7464
219,28345,-1.37,169,-2.0,0.7449
220,28523,12.47,178,-1.9,0.7433
221,28624,-5.51,101,-1.91,0.7424
222,28769,17.27,145,-1.64,0.7411
223,28883,3.64,114,-1.53,0.7401
224,29038,7.34,155,-1.31,0.7387
225,29162,-1.66,124,-1.3,0.7376
226,29263,-5.65,101,-1.32,0.7366
227,29368,-5.41,105,-1.35,0.7357
228,29558,-23.19,190,-1.49,0.734
229,29670,-3.25,112,-1.61,0.733
230,29798,1.96,128,-1.63,0.7318
231,29961,-4.49,163,-1.83,0.7304
232,30096,-2.17,135,-1.79,0.7291
233,30233,30.97,137,-1.43,0.7279
234,30352,3.68,119,-1.37,0.7268
235,30453,-5.59,101,-1.32,0.7259
236,30563,-2.39,110,-1.45,0.7249
237,30663,-15.52,100,-1.58,0.724
238,30846,-2.46,183,-1.51,0.7224
239,30946,-10.15,100,-1.53,0.7215
240,31046,-17.2,100,-1.8,0.7206
241,31160,6.52,114,-1.99,0.7196
242,31315,-7.58,155,-2.05,0.7182
243,31416,-3.36,101,-1.93,0.7173
244,31517,-4.69,101,-2.04,0.7164
245,31646,0.71,129,-2.08,0.7152
246,31747,-8.45,101,-2.05,0.7143
247,31860,4.45,113,-1.84,0.7133
248,31991,8.21,131,-1.65,0.7121
249,32129,15.62,138,-1.67,0.7108
250,32291,4.17,162,-1.54,0.7094
251,32397,-3.94,106,-1.51,0.7084
252,32574,16.64,177,-1.25,0.7068
253,32684,-0.68,110,-1.18,0.7059
254,32862,-4.09,178,-1.15,0.7043
255,32992,-1.1,130,-1.16,0.7031
256,33203,2.87,211,-1.24,0.7012
257,33367,1.3,164,-1.11,0.6997
258,33533,7.54,166,-0.92,0.6982
259,33633,-13.05,100,-1.39,0.6973
260,33733,-17.11,100,-1.52,0.6964
261,33907,4.12,174,-1.78,0.6948
262,34008,-4.45,101,-1.82,0.6939
263,34113,-2.4,105,-1.73,0.693
264,34223,-0.21,110,-1.62,0.692
265,34347,-4.74,124,-1.63,0.6909
266,34472,-4.4,125,-1.87,0.6898
267,34681,-9.4,209,-2.13,0.6879
268,34781,-12.41,100,-2.24,0.687
269,34895,5.19,114,-2.16,0.686
270,34996,-7.88,101,-2.19,0.685
271,35133,1.25,137,-2.16,0.6838
272,35254,22.03,121,-1.83,0.6827
273,35386,3.88,132,-1.76,0.6815
274,35502,5.32,116,-1.67,0.6805
275,35602,-13.37,100,-1.68,0.6796
276,35723,-0.36,121,-1.58,0.6785
277,35823,-17.49,100,-1.68,0.6776
278,35974,32.55,151,-1.48,0.6762
279,36074,-19.72,100,-1.66,0.6753
280,36289,-4.52,215,-1.55,0.6734
281,36416,28.96,127,-1.21,0.6723
282,36530,-1.96,114,-1.2,0.6712
283,36642,-7.55,112,-1.26,0.6702
284,36771,-7.43,129,-1.18,0.6691
285,36976,13.24,205,-1.12,0.6672
286,37076,-11.2,100,-1.46,0.6663
287,37196,1.95,120,-1.82,0.6652
288,37296,-19.93,100,-2.0,0.6643
289,37397,-6.04,101,-2.0,0.6634
290,37514,5.24,117,-1.89,0.6624
291,37617,-3.03,103,-1.86,0.6615
292,37827,100.62,210,-0.85,0.6596
293,37927,-19.62,100,-0.97,0.6587
294,38073,16.36,146,-0.62,0.6574
295,38199,-1.72,126,-0.64,0.6562
296,38335,10.73,136,-0.46,0.655
297,38457,-7.42,122,-0.49,0.6539
298,38578,-2.3,121,-0.41,0.6528
299,38678,-19.87,100,-0.66,0.6519
300,38778,-15.0,100,-0.81,0.651
301,38960,5.02,182,-0.65,0.6494
302,39060,-12.97,100,-0.74,0.6485
303,39194,4.67,134,-0.76,0.6473
304,39311,-3.0,117,-0.88,0.6462
305,39420,-5.14,109,-0.82,0.6452
306,39520,-11.33,100,-0.87,0.6443
307,39667,23.74,147,-0.66,0.643
308,39768,-9.15,101,-0.71,0.6421
309,40018,23.67,250,-0.3,0.6398
310,40132,9.45,114,-0.06,0.6388
311,40265,-6.03,133,-0.13,0.6376
312,40465,16.55,200,0.16,0.6358
313,40588,-11.14,123,-0.08,0.6347
314,40771,-5.57,183,-0.09,0.6331
315,40977,76.62,206,0.77,0.6312
316,41216,-4.69,239,0.89,0.6291
317,41344,11.76,128,1.15,0.6279
318,41462,4.25,118,1.09,0.6269
319,41712,25.0,250,1.35,0.6246
320,41924,44.23,212,1.67,0.6227
321,42067,16.33,143,1.89,0.6214
322,42167,-15.78,100,1.56,0.6205
323,42302,-6.03,135,1.46,0.6193
324,42552,51.52,250,1.9,0.617
325,42652,-13.94,100,1.78,0.6161
326,42753,-8.25,101,1.76,0.6152
327,43000,48.59,247,2.3,0.613
328,43134,19.47,134,2.72,0.6118
329,43292,4.6,158,2.8,0.6104
330,43542,48.0,250,3.26,0.6081
331,43680,0.26,138,3.31,0.6069
332,43794,12.42,114,3.45,0.6059
333,43966,-1.69,172,3.13,0.6043
334,44109,2.25,143,3.11,0.603
335,44209,-16.43,100,3.01,0.6021
336,44368,-3.95,159,2.99,0.6007
337,44579,3.84,211,3.18,0.5988
338,44679,-10.37,100,3.1,0.5979
339,44823,2.66,144,3.23,0.5966
340,44954,-6.77,131,3.34,0.5954
341,45073,3.89,119,3.31,0.5944
342,45210,32.4,137,3.71,0.5931
343,45367,38.32,157,4.13,0.5917
344,45617,76.47,250,4.94,0.5895
345,45749,33.79,132,5.27,0.5883
346,45871,10.37,122,5.46,0.5872
347,46121,92.45,250,6.34,0.5849
348,46281,-9.69,160,6.16,0.5835
349,46382,-7.19,101,5.93,0.5826
350,46501,-3.64,119,5.85,0.5815
351,46751,57.23,250,6.46,0.5793
352,46859,-1.4,108,6.28,0.5783
353,47035,22.93,176,6.52,0.5767
354,47258,16.06,223,6.72,0.5747
355,47358,-14.91,100,6.58,0.5738
356,47608,67.26,250,7.23,0.5715
357,47740,11.62,132,7.33,0.5703
358,47990,69.55,250,7.95,0.5681
359,48091,-6.94,101,8.01,0.5672
360,48246,-3.71,155,8.15,0.5658
361,48356,5.34,110,8.16,0.5648
362,48462,-4.21,106,8.16,0.5639
363,48712,115.02,250,9.33,0.5616
364,48867,42.25,155,9.76,0.5602
365,48980,7.23,113,9.88,0.5592
366,49219,-6.86,239,9.85,0.557
367,49392,-6.92,173,9.88,0.5555
368,49591,-5.87,199,9.94,0.5537
369,49768,15.87,177,10.05,0.5521
370,50018,73.01,250,10.86,0.5498
371,50181,27.16,163,11.12,0.5484
372,50305,24.43,124,11.14,0.5473
373,50436,13.61,131,11.24,0.5461
374,50537,-7.72,101,11.11,0.5452
375,50647,-3.32,110,11.21,0.5442
376,50882,46.17,235,11.68,0.5421
377,51026,13.14,144,11.98,0.5408
378,51233,29.88,207,11.96,0.5389
379,51403,55.38,170,12.71,0.5374
380,51503,-18.95,100,12.56,0.5365
381,51738,50.88,235,12.78,0.5344
382,51988,175.17,250,14.55,0.5321
383,52106,14.17,118,14.77,0.5311
384,52216,-0.0,110,14.84,0.5301
385,52401,12.6,185,14.84,0.5284
386,52541,-14.21,140,14.81,0.5271
387,52641,-20.04,100,14.59,0.5262
388,52756,9.64,115,14.88,0.5252
389,53006,120.78,250,16.15,0.523
390,53256,120.64,250,17.31,0.5207
391,53434,35.03,178,17.69,0.5191
392,53684,51.72,250,17.2,0.5169
393,53882,5.77,198,17.45,0.5151
394,54015,14.32,133,17.43,0.5139
395,54135,4.62,120,17.49,0.5128
396,54251,-1.24,116,17.37,0.5117
397,54384,15.07,133,17.6,0.5106
398,54515,3.33,131,17.66,0.5094
399,54765,36.2,250,18.22,0.5071
400,54894,14.47,129,18.51,0.506
401,55015,18.27,121,18.64,0.5049
402,55190,15.95,175,18.93,0.5033
403,55290,-18.9,100,18.7,0.5024
404,55443,22.24,153,18.95,0.501
405,55553,-0.99,110,18.99,0.5
406,55682,22.93,129,19.33,0.4989
407,55932,138.1,250,20.48,0.4966
408,56032,-10.78,100,20.46,0.4957
409,56167,-10.52,135,20.12,0.4945
410,56417,65.58,250,20.68,0.4923
411,56601,52.65,184,21.27,0.4906
412,56851,44.2,250,21.54,0.4883
413,56989,9.32,138,21.75,0.4871
414,57239,81.17,250,22.62,0.4849
415,57377,16.26,138,22.01,0.4836
416,57495,10.15,118,22.16,0.4826
417,57617,3.66,122,22.08,0.4815
418,57732,4.0,115,22.08,0.4804
419,57857,-5.48,125,21.77,0.4793
420,58107,65.64,250,21.99,0.477
421,58357,106.08,250,22.88,0.4748
422,58607,87.25,250,23.91,0.4725
423,58857,105.57,250,25.03,0.4703
424,59029,64.75,172,25.16,0.4687
425,59279,124.76,250,26.55,0.4665
426,59410,-13.11,131,26.5,0.4653
427,59660,78.14,250,26.8,0.4631
428,59765,-5.09,105,26.55,0.4621
429,60015,31.23,250,26.82,0.4599
430,60115,-20.39,100,26.13,0.459
431,60276,73.85,161,26.87,0.4575
432,60514,26.83,238,27.01,0.4554
433,60614,-10.91,100,26.92,0.4545
434,60747,-3.64,133,26.86,0.4533
435,60866,8.74,119,27.11,0.4522
436,61057,43.46,191,27.59,0.4505
437,61170,-4.66,113,27.5,0.4495
438,61331,20.52,161,27.81,0.448
439,61562,112.37,231,28.91,0.446
440,61737,51.5,175,29.49,0.4444
441,61958,33.63,221,29.79,0.4424
442,62059,-5.92,101,29.41,0.4415
443,62240,0.45,181,29.03,0.4398
444,62490,108.19,250,29.34,0.4376
445,62740,127.72,250,30.28,0.4353
446,62977,53.13,237,30.71,0.4332
447,63187,66.74,210,30.45,0.4313
448,63437,154.24,250,32.09,0.4291
449,63582,36.59,145,32.53,0.4278
450,63781,50.4,199,33.07,0.426
451,63998,108.56,217,33.58,0.424
452,64098,-15.8,100,33.44,0.4231
453,64273,23.43,175,33.45,0.4216
454,64449,52.21,176,33.81,0.42
455,64639,-6.16,190,33.89,0.4183
456,64771,11.47,132,33.34,0.4171
457,65005,92.97,234,34.15,0.415
458,65255,124.85,250,34.7,0.4127
459,65483,45.68,228,35.23,0.4107
460,65693,80.82,210,36.07,0.4088
461,65793,-12.22,100,35.9,0.4079
462,66036,61.38,243,36.55,0.4057
463,66286,168.11,250,37.09,0.4034
464,66536,150.0,250,38.16,0.4012
465,66637,-9.58,101,38.0,0.4003
466,66887,240.23,250,40.47,0.398
467,67018,21.67,131,40.75,0.3968
468,67163,24.73,145,41.06,0.3955
469,67301,31.47,138,41.21,0.3943
470,67438,40.44,137,40.89,0.3931
471,67595,32.94,157,40.95,0.3917
472,67728,33.94,133,41.04,0.3905
473,67909,45.53,181,41.36,0.3888
474,68074,42.11,165,41.86,0.3873
475,68217,51.45,143,42.41,0.3861
476,68467,191.1,250,43.86,0.3838
477,68612,50.84,145,44.23,0.3825
478,68713,-7.94,101,43.85,0.3816
479,68831,5.09,118,43.35,0.3805
480,69081,145.35,250,44.99,0.3783
481,69331,151.08,250,46.0,0.376
482,69581,157.35,250,45.82,0.3738
483,69753,22.11,172,45.9,0.3722
484,69886,29.18,133,46.19,0.371
485,70006,23.16,120,46.3,0.37
486,70135,77.51,129,47.21,0.3688
487,70385,191.37,250,49.33,0.3665
488,70549,41.3,164,49.64,0.3651
489,70799,210.13,250,50.54,0.3628
490,70942,17.08,143,49.5,0.3615
491,71086,41.38,144,49.56,0.3602
492,71186,-19.22,100,48.85,0.3593
493,71319,42.89,133,49.23,0.3581
494,71569,149.17,250,50.57,0.3559
495,71761,100.15,192,51.53,0.3542
496,72011,102.17,250,52.56,0.3519
497,72232,61.08,221,53.02,0.3499
498,72389,99.15,157,53.98,0.3485
499,72639,234.44,250,55.96,0.3463
500,72881,132.07,242,57.14,0.3441
501,73131,201.23,250,58.97,0.3418
502,73381,95.88,250,59.77,0.3396
503,73631,139.86,250,61.36,0.3373
504,73762,38.51,131,61.52,0.3362
505,74012,267.55,250,64.21,0.3339
506,74262,173.68,250,65.71,0.3317
507,74512,222.98,250,66.56,0.3294
508,74664,83.04,152,67.5,0.328
509,74914,208.2,250,69.69,0.3258
510,75164,142.04,250,70.45,0.3235
511,75414,151.59,250,71.44,0.3213
512,75565,14.81,151,71.15,0.3199
513,75815,194.67,250,73.0,0.3177
514,76063,56.29,248,72.75,0.3154
515,76313,202.06,250,74.61,0.3132
516,76461,43.82,148,74.95,0.3119
517,76711,136.42,250,76.27,0.3096
518,76961,241.25,250,78.65,0.3074
519,77151,114.0,190,79.84,0.3056
520,77401,267.04,250,81.86,0.3034
521,77651,224.22,250,83.04,0.3012
522,77901,235.75,250,84.52,0.2989
523,78151,128.13,250,84.75,0.2966
524,78312,78.06,161,84.88,0.2952
525,78562,153.28,250,85.17,0.293
526,78812,234.44,250,87.64,0.2907
527,79024,129.56,212,88.16,0.2888
528,79274,153.21,250,89.74,0.2865
529,79524,337.96,250,92.81,0.2843
530,79699,62.5,175,93.63,0.2827
531,79912,137.43,213,94.27,0.2808
532,80109,102.71,197,95.03,0.279
533,80304,47.71,195,95.62,0.2773
534,80554,158.69,250,97.24,0.275
535,80804,260.42,250,99.76,0.2728
536,80993,100.1,189,100.32,0.2711
537,81149,45.8,156,100.83,0.2697
538,81265,2.02,116,100.64,0.2686
539,81405,48.28,140,100.0,0.2674
540,81655,168.46,250,101.17,0.2651
541,81905,136.64,250,102.2,0.2629
542,82155,144.97,250,103.71,0.2606
543,82405,35.89,250,104.06,0.2584
544,82574,56.96,169,103.55,0.2568
545,82799,76.75,225,103.04,0.2548
546,83049,306.84,250,105.58,0.2526
547,83196,40.22,147,105.31,0.2512
548,83446,209.21,250,105.86,0.249
549,83669,159.08,223,107.09,0.247
550,83919,235.55,250,108.94,0.2447
551,84169,139.86,250,109.25,0.2425
552,84419,201.95,250,111.43,0.2402
553,84669,220.51,250,113.4,0.238
554,84919,268.82,250,115.57,0.2357
555,85169,180.86,250,117.44,0.2335
556,85419,256.99,250,119.89,0.2312
557,85669,227.38,250,121.24,0.229
558,85919,377.97,250,123.77,0.2267
559,86169,333.02,250,126.64,0.2245
560,86419,355.52,250,129.39,0.2222
561,86669,260.97,250,132.12,0.22
562,86919,190.97,250,133.42,0.2177
563,87070,120.34,151,132.94,0.2164
564,87272,167.32,202,133.11,0.2146
565,87522,256.16,250,135.77,0.2123
566,87772,465.84,250,138.02,0.2101
567,88022,594.98,250,143.76,0.2078
568,88272,118.1,250,144.69,0.2056
569,88522,558.74,250,149.96,0.2033
570,88772,218.34,250,151.74,0.2011
571,89022,361.79,250,155.03,0.1988
572,89272,416.89,250,158.86,0.1966
573,89522,429.62,250,162.7,0.1943
574,89666,97.69,144,163.26,0.193
575,89916,349.03,250,166.23,0.1908
576,90166,380.14,250,168.12,0.1885
577,90416,468.56,250,172.3,0.1863
578,90546,127.88,130,173.66,0.1851
579,90796,419.13,250,177.8,0.1828
580,91046,279.63,250,179.14,0.1806
581,91296,362.59,250,181.26,0.1783
582,91546,465.64,250,184.34,0.1761
583,91796,318.71,250,187.31,0.1738
584,91991,292.98,195,189.94,0.1721
585,92241,555.74,250,195.27,0.1698
586,92491,433.59,250,198.83,0.1676
587,92707,252.51,216,199.44,0.1656
588,92856,80.49,149,199.83,0.1643
589,93106,615.28,250,203.89,0.1621
590,93336,387.55,230,207.59,0.16
591,93586,695.54,250,214.13,0.1577
592,93836,512.18,250,219.45,0.1555
593,94086,412.92,250,223.15,0.1532
594,94336,570.04,250,227.36,0.151
595,94482,81.7,146,227.17,0.1497
596,94732,513.92,250,231.29,0.1474
597,94982,434.65,250,235.02,0.1452
598,95232,259.48,250,236.63,0.1429
599,95482,275.86,250,237.04,0.1407
600,95731,234.69,249,238.07,0.1384
601,95924,106.12,193,237.12,0.1367
602,96174,534.67,250,241.51,0.1344
603,96424,381.85,250,243.92,0.1322
604,96674,548.28,250,249.02,0.1299
605,96821,122.34,147,247.57,0.1286
606,96964,109.58,143,246.93,0.1273
607,97214,347.94,250,248.18,0.1251
608,97464,614.86,250,253.5,0.1228
609,97714,704.43,250,258.46,0.1206
610,97964,524.56,250,262.28,0.1183
611,98214,364.99,250,264.42,0.1161
612,98464,510.04,250,269.37,0.1138
613,98714,520.13,250,272.63,0.1116
614,98964,580.3,250,277.87,0.1093
615,99214,624.53,250,282.09,0.1071
616,99464,725.08,250,288.9,0.1048
617,99714,575.59,250,293.29,0.1026
618,99964,409.32,250,294.98,0.1003
619,100214,721.17,250,301.05,0.1
620,100463,342.71,249,301.8,0.1
621,100713,575.96,250,305.32,0.1
622,100963,620.0,250,309.16,0.1
623,101213,606.27,250,313.95,0.1
624,101463,438.94,250,317.55,0.1
625,101713,751.49,250,323.54,0.1
626,101963,620.19,250,327.39,0.1
627,102213,690.21,250,333.0,0.1
628,102463,867.21,250,340.14,0.1
629,102713,257.81,250,339.34,0.1
630,102963,509.23,250,343.81,0.1
631,103213,601.82,250,348.45,0.1
632,103366,140.08,153,348.82,0.1
633,103616,430.35,250,352.65,0.1
634,103866,451.63,250,355.58,0.1
635,104116,617.53,250,359.15,0.1
636,104366,420.9,250,362.36,0.1
637,104616,587.5,250,367.78,0.1
638,104866,577.22,250,373.53,0.1
639,105116,637.2,250,379.42,0.1
640,105366,472.33,250,382.46,0.1
641,105616,648.3,250,387.57,0.1
642,105866,187.52,250,388.0,0.1
643,106108,312.73,242,390.77,0.1
644,106357,429.16,249,394.49,0.1
645,106607,342.54,250,397.15,0.1
646,106857,497.49,250,399.05,0.1
647,107107,756.06,250,406.21,0.1
648,107320,1015.1,213,414.27,0.1
649,107457,96.51,137,413.64,0.1
650,107707,469.02,250,415.98,0.1
651,107957,460.0,250,419.18,0.1
652,108207,816.67,250,425.33,0.1
653,108457,798.88,250,431.11,0.1
654,108707,355.97,250,431.98,0.1
655,108957,640.96,250,436.58,0.1
656,109207,374.69,250,437.76,0.1
657,109457,389.73,250,439.38,0.1
658,109656,334.78,199,438.95,0.1
659,109890,298.89,234,438.61,0.1
660,110140,254.01,250,437.6,0.1
661,110390,710.53,250,442.09,0.1
662,110609,320.43,219,443.39,0.1
663,110859,331.03,250,445.49,0.1
664,111109,680.22,250,450.62,0.1
665,111359,394.74,250,452.01,0.1
666,111595,290.48,236,450.25,0.1
667,111808,680.45,213,451.11,0.1
668,112058,375.76,250,453.68,0.1
669,112308,830.56,250,456.4,0.1
670,112529,331.89,221,457.54,0.1
671,112779,565.47,250,459.58,0.1
672,113029,555.52,250,460.96,0.1
673,113279,236.38,250,459.03,0.1
674,113529,788.51,250,465.94,0.1
675,113667,121.84,138,463.67,0.1
676,113917,508.0,250,464.94,0.1
677,114167,338.81,250,463.65,0.1
678,114417,519.86,250,467.57,0.1
679,114667,429.21,250,467.67,0.1
680,114837,230.04,170,467.17,0.1
681,115060,296.47,223,466.51,0.1
682,115177,23.52,117,462.09,0.1
683,115381,294.66,204,461.85,0.1
684,115631,570.45,250,464.62,0.1
685,115881,774.15,250,466.81,0.1
686,116131,297.84,250,465.45,0.1
687,116381,501.4,250,467.94,0.1
688,116631,478.75,250,471.92,0.1
689,116881,297.92,250,468.75,0.1
690,117049,227.8,168,467.15,0.1
691,117099,126.78,50,461.46,0.1
692,117332,398.05,233,460.32,0.1
693,117546,375.18,214,459.94,0.1
694,117796,344.85,250,457.69,0.1
695,118046,847.74,250,465.35,0.1
696,118285,321.89,239,463.43,0.1
697,118425,237.13,140,461.46,0.1
698,118607,191.91,182,460.78,0.1
699,118857,767.55,250,465.7,0.1
700,119107,617.17,250,469.52,0.1
701,119357,396.23,250,472.42,0.1
702,119568,188.33,211,468.96,0.1
703,119713,123.06,145,466.37,0.1
704,119963,590.79,250,466.8,0.1
705,120088,83.94,125,466.41,0.1
706,120338,597.33,250,471.29,0.1
707,120466,94.55,128,468.76,0.1
708,120716,474.14,250,467.35,0.1
709,120775,122.15,59,461.53,0.1
710,121004,405.38,229,460.34,0.1
711,121246,463.68,242,461.32,0.1
712,121428,308.81,182,459.31,0.1
713,121568,116.48,140,455.27,0.1
714,121648,122.44,80,450.69,0.1
715,121898,665.89,250,451.11,0.1
716,122148,431.6,250,448.17,0.1
717,122398,549.48,250,447.91,0.1
718,122648,345.23,250,447.27,0.1
719,122898,828.3,250,448.34,0.1
720,123148,817.49,250,453.09,0.1
721,123398,846.81,250,455.8,0.1
722,123648,584.37,250,455.44,0.1
723,123898,607.46,250,455.46,0.1
724,124148,721.82,250,458.28,0.1
725,124398,631.25,250,457.08,0.1
726,124648,417.12,250,455.05,0.1
727,124898,370.7,250,451.86,0.1
728,125047,144.08,149,444.62,0.1
729,125297,489.28,250,446.94,0.1
730,125547,805.45,250,449.9,0.1
731,125797,535.42,250,449.24,0.1
732,126003,320.21,206,451.04,0.1
733,126253,625.06,250,452.99,0.1
734,126311,135.81,58,449.83,0.1
735,126464,245.01,153,446.1,0.1
736,126714,822.81,250,450.12,0.1
737,126964,718.18,250,451.43,0.1
738,127214,768.51,250,453.34,0.1
739,127354,124.38,140,448.21,0.1
740,127541,207.67,187,445.57,0.1
741,127783,528.33,242,444.37,0.1
742,127850,139.5,67,443.89,0.1
743,128040,285.37,190,443.61,0.1
744,128290,837.5,250,447.7,0.1
745,128486,376.75,196,448.04,0.1
746,128688,221.92,202,445.28,0.1
747,128938,859.11,250,446.31,0.1
748,129024,104.14,86,437.2,0.1
749,129171,409.73,147,440.34,0.1
750,129359,301.04,188,438.66,0.1
751,129551,246.57,192,436.52,0.1
752,129801,754.79,250,435.9,0.1
753,130051,473.38,250,432.65,0.1
754,130184,86.13,133,429.95,0.1
755,130434,773.08,250,431.27,0.1
756,130684,729.43,250,434.82,0.1
757,130934,600.6,250,436.93,0.1
758,131081,107.87,147,434.66,0.1
759,131331,777.97,250,439.45,0.1
760,131577,327.88,246,440.19,0.1
761,131827,801.79,250,441.1,0.1
762,132066,282.25,239,440.72,0.1
763,132316,841.82,250,445.83,0.1
764,132566,850.5,250,447.53,0.1
765,132736,304.42,170,446.63,0.1
766,132986,618.45,250,449.91,0.1
767,133236,594.92,250,449.05,0.1
768,133486,813.09,250,453.42,0.1
769,133700,313.79,214,448.26,0.1
770,133931,353.85,231,448.47,0.1
771,134181,852.03,250,451.34,0.1
772,134375,279.99,194,448.59,0.1
773,134625,781.76,250,454.04,0.1
774,134875,305.32,250,449.21,0.1
775,135125,837.96,250,456.37,0.1
776,135199,122.83,74,452.52,0.1
777,135449,421.58,250,453.34,0.1
778,135699,794.2,250,456.09,0.1
779,135949,865.16,250,460.45,0.1
780,136099,120.72,150,459.35,0.1
781,136214,249.17,115,458.88,0.1
782,136464,849.64,250,467.14,0.1
783,136714,742.11,250,471.62,0.1
784,136964,823.08,250,474.14,0.1
785,137214,355.74,250,469.96,0.1
786,137386,309.03,172,470.07,0.1
787,137528,104.85,142,466.11,0.1
788,137778,601.49,250,467.33,0.1
789,138028,283.72,250,467.19,0.1
790,138189,252.94,161,467.44,0.1
791,138385,333.34,196,469.51,0.1
792,138635,507.14,250,470.6,0.1
793,138868,415.27,233,471.0,0.1
794,139118,561.71,250,473.17,0.1
795,139338,386.07,220,468.55,0.1
796,139588,846.81,250,473.8,0.1
797,139788,300.43,200,474.43,0.1
798,140038,836.91,250,480.88,0.1
799,140288,817.22,250,481.38,0.1
800,140538,846.43,250,483.67,0.1
801,140788,612.23,250,485.83,0.1
802,141038,808.13,250,492.03,0.1
803,141288,831.82,250,499.12,0.1
804,141518,408.0,230,497.29,0.1
805,141768,864.66,250,505.1,0.1
806,142018,287.0,250,501.99,0.1
807,142268,531.4,250,506.36,0.1
808,142518,600.35,250,507.63,0.1
809,142768,482.58,250,511.23,0.1
810,143018,504.9,250,512.22,0.1
811,143268,417.61,250,511.76,0.1
812,143518,761.82,250,516.29,0.1
813,143768,769.42,250,522.82,0.1
814,144018,593.5,250,527.53,0.1
815,144268,383.18,250,524.71,0.1
816,144518,279.42,250,523.18,0.1
817,144736,271.58,218,520.41,0.1
818,144986,597.84,250,522.93,0.1
819,145236,817.91,250,522.83,0.1
820,145486,780.15,250,522.45,0.1
821,145736,419.57,250,518.18,0.1
822,145986,672.58,250,519.06,0.1
823,146236,411.28,250,517.1,0.1
824,146472,349.69,236,513.38,0.1
825,146722,745.07,250,514.52,0.1
826,146972,892.28,250,519.27,0.1
827,147222,709.7,250,522.66,0.1
828,147472,590.72,250,527.13,0.1
829,147722,512.78,250,527.36,0.1
830,147913,226.44,191,521.57,0.1
831,148163,534.37,250,521.56,0.1
832,148413,766.67,250,526.03,0.1
833,148548,143.48,135,521.21,0.1
834,148798,390.0,250,523.75,0.1
835,149048,851.56,250,529.82,0.1
836,149233,302.31,185,524.61,0.1
837,149483,789.23,250,525.32,0.1
838,149692,336.6,209,521.0,0.1
839,149942,607.61,250,525.84,0.1
840,150192,508.76,250,528.85,0.1
841,150442,816.38,250,531.73,0.1
842,150692,843.86,250,538.77,0.1
843,150942,488.35,250,540.8,0.1
844,151192,859.3,250,541.02,0.1
845,151394,285.44,202,540.11,0.1
846,151644,604.63,250,543.93,0.1
847,151830,322.27,186,538.57,0.1
848,152080,857.65,250,546.1,0.1
849,152216,101.0,136,543.01,0.1
850,152466,294.03,250,542.94,0.1
851,152716,836.31,250,548.84,0.1
852,152966,761.7,250,548.91,0.1
853,153210,263.58,244,546.81,0.1
854,153460,764.66,250,553.6,0.1
855,153602,84.68,142,546.71,0.1
856,153852,641.38,250,545.83,0.1
857,154102,789.73,250,547.72,0.1
858,154352,382.04,250,550.47,0.1
859,154546,267.72,194,545.36,0.1
860,154796,846.04,250,550.54,0.1
861,154972,307.87,176,545.61,0.1
862,155179,418.87,207,546.97,0.1
863,155320,260.73,141,541.16,0.1
864,155570,825.29,250,540.91,0.1
865,155820,843.78,250,546.3,0.1
866,156070,393.46,250,544.05,0.1
867,156320,682.29,250,544.93,0.1
868,156570,789.63,250,544.69,0.1
869,156820,680.56,250,548.36,0.1
870,157070,524.18,250,550.06,0.1
871,157320,859.6,250,550.14,0.1
872,157570,817.24,250,555.51,0.1
873,157820,850.57,250,556.2,0.1
874,158070,563.27,250,558.78,0.1
875,158320,481.17,250,555.21,0.1
876,158570,806.47,250,562.05,0.1
877,158751,221.15,181,560.04,0.1
878,159001,805.88,250,560.16,0.1
879,159251,404.4,250,555.55,0.1
880,159501,641.83,250,560.76,0.1
881,159751,628.52,250,564.56,0.1
882,160001,555.56,250,561.62,0.1
883,160192,286.35,191,557.06,0.1
884,160442,777.7,250,556.6,0.1
885,160692,677.0,250,559.82,0.1
886,160942,775.0,250,564.48,0.1
887,161192,769.23,250,571.12,0.1
888,161442,782.13,250,572.93,0.1
889,161652,359.71,210,573.69,0.1
890,161858,303.22,206,574.19,0.1
891,162108,414.93,250,575.01,0.1
892,162358,610.1,250,576.03,0.1
893,162608,848.82,250,580.37,0.1
894,162858,636.51,250,581.12,0.1
895,163108,761.49,250,584.87,0.1
896,163358,703.21,250,583.44,0.1
897,163532,205.55,174,582.49,0.1
898,163708,255.43,176,576.67,0.1
899,163878,274.96,170,571.25,0.1
900,164128,857.2,250,571.36,0.1
901,164378,804.26,250,573.28,0.1
902,164628,859.41,250,573.79,0.1
903,164878,632.44,250,571.8,0.1
904,165128,549.18,250,573.21,0.1
905,165378,756.39,250,572.13,0.1
906,165554,278.44,176,572.04,0.1
907,165804,625.37,250,572.98,0.1
908,166054,796.19,250,574.94,0.1
909,166304,741.27,250,577.53,0.1
910,166554,676.36,250,579.24,0.1
911,166804,715.22,250,582.22,0.1
912,166954,63.67,150,575.24,0.1
913,167204,642.33,250,573.96,0.1
914,167344,107.56,140,569.1,0.1
915,167575,1007.7,231,575.35,0.1
916,167825,804.26,250,580.6,0.1
917,168075,780.47,250,585.69,0.1
918,168325,788.35,250,587.59,0.1
919,168575,896.71,250,588.38,0.1
920,168825,892.0,250,589.5,0.1
921,169075,828.57,250,593.59,0.1
922,169325,869.23,250,595.56,0.1
923,169575,825.37,250,599.7,0.1
924,169742,288.37,167,599.08,0.1
925,169992,811.95,250,599.75,0.1
926,170242,866.1,250,599.49,0.1
927,170464,1011.3,222,602.51,0.1
928,170713,417.32,249,600.77,0.1
929,170963,734.95,250,602.99,0.1
930,171184,429.33,221,605.02,0.1
931,171434,805.92,250,607.74,0.1
932,171630,406.55,196,604.14,0.1
933,171880,524.57,250,607.95,0.1
934,172130,535.29,250,609.4,0.1
935,172331,379.92,201,604.68,0.1
936,172581,414.18,250,605.8,0.1
937,172831,802.78,250,605.94,0.1
938,172967,126.76,136,603.84,0.1
939,173217,590.91,250,603.67,0.1
940,173467,847.74,250,607.06,0.1
941,173717,311.15,250,602.01,0.1
942,173967,837.72,250,601.95,0.1
943,174217,309.24,250,600.16,0.1
944,174467,769.57,250,599.26,0.1
945,174717,881.95,250,605.23,0.1
946,174898,262.48,181,601.8,0.1
947,175148,354.55,250,602.13,0.1
948,175398,409.11,250,597.64,0.1
949,175648,564.45,250,602.28,0.1
950,175898,670.19,250,606.04,0.1
951,176148,741.61,250,605.09,0.1
952,176398,584.04,250,603.31,0.1
953,176637,209.43,239,602.77,0.1
954,176887,766.4,250,602.79,0.1
955,177124,397.57,237,605.92,0.1
956,177374,479.66,250,604.3,0.1
957,177624,642.86,250,602.83,0.1
958,177853,1008.6,229,609.1,0.1
959,178103,380.84,250,610.23,0.1
960,178353,453.33,250,606.3,0.1
961,178603,889.8,250,612.12,0.1
962,178824,318.23,221,611.12,0.1
963,179074,816.67,250,616.67,0.1
964,179324,859.32,250,617.02,0.1
965,179574,384.38,250,612.42,0.1
966,179824,720.0,250,615.69,0.1
967,180074,585.26,250,614.72,0.1
968,180324,824.91,250,615.07,0.1
969,180574,470.09,250,612.96,0.1
970,180824,684.98,250,614.57,0.1
971,181074,861.67,250,614.59,0.1
972,181324,598.05,250,612.4,0.1
973,181574,444.59,250,608.34,0.1
974,181824,775.91,250,610.47,0.1
975,182074,819.0,250,613.85,0.1
976,182324,561.34,250,611.39,0.1
977,182574,662.06,250,615.8,0.1
978,182824,885.4,250,616.6,0.1
979,183074,487.36,250,617.43,0.1
980,183324,761.74,250,618.63,0.1
981,183574,441.67,250,616.76,0.1
982,183824,588.62,250,617.09,0.1
983,184074,786.86,250,622.1,0.1
984,184324,863.33,250,622.95,0.1
985,184574,885.07,250,625.03,0.1
986,184824,896.34,250,626.25,0.1
987,185074,676.17,250,625.31,0.1
988,185324,756.7,250,625.06,0.1
989,185574,726.8,250,628.73,0.1
990,185765,304.03,191,628.74,0.1
991,186015,582.85,250,630.42,0.1
992,186265,622.6,250,630.54,0.1
993,186515,860.71,250,630.66,0.1
994,186765,883.61,250,633.13,0.1
995,187015,545.27,250,630.97,0.1
996,187265,646.84,250,630.41,0.1
997,187515,767.69,250,636.03,0.1
998,187765,854.23,250,642.02,0.1
999,187970,226.41,205,641.53,0.1
1000,188189,1012.6,219,643.09,0.1
1001,188439,896.59,250,644.01,0.1
1002,188689,671.93,250,642.13,0.1
1003,188939,518.24,250,640.99,0.1
1004,189189,730.82,250,642.81,0.1
1005,189439,839.85,250,643.64,0.1
1006,189686,519.72,247,646.06,0.1
1007,189936,756.21,250,647.36,0.1
1008,190186,835.15,250,647.75,0.1
1009,190359,299.22,173,643.33,0.1
1010,190530,207.24,171,638.64,0.1
1011,190752,449.41,222,635.98,0.1
1012,191002,830.38,250,643.65,0.1
1013,191252,818.45,250,645.41,0.1
1014,191502,755.94,250,651.9,0.1
1015,191752,737.13,250,649.19,0.1
1016,192002,876.11,250,649.91,0.1
1017,192252,800.99,250,650.11,0.1
1018,192502,865.16,250,650.88,0.1
1019,192752,872.13,250,650.64,0.1
1020,193002,839.3,250,650.11,0.1
1021,193252,469.29,250,646.52,0.1
1022,193502,680.22,250,644.63,0.1
1023,193752,581.67,250,642.19,0.1
1024,194002,502.01,250,644.33,0.1
1025,194252,780.14,250,644.01,0.1
1026,194502,823.33,250,643.58,0.1
1027,194752,305.41,250,636.52,0.1
1028,195002,861.94,250,640.97,0.1
1029,195252,433.06,250,637.95,0.1
1030,195502,598.25,250,639.64,0.1
1031,195752,787.32,250,639.45,0.1
1032,196002,746.15,250,642.85,0.1
1033,196252,841.41,250,646.02,0.1
1034,196502,775.46,250,648.42,0.1
1035,196707,388.59,205,648.5,0.1
1036,196957,584.68,250,650.21,0.1
1037,197207,674.74,250,648.93,0.1
1038,197457,710.22,250,654.76,0.1
1039,197707,679.31,250,655.65,0.1
1040,197957,797.69,250,655.15,0.1
1041,198207,856.67,250,660.6,0.1
1042,198457,725.81,250,659.48,0.1
1043,198707,749.32,250,663.88,0.1
1044,198957,732.79,250,663.52,0.1
1045,199183,441.42,226,659.11,0.1
1046,199433,677.03,250,663.26,0.1
1047,199683,880.92,250,668.52,0.1
1048,199933,811.44,250,672.54,0.1
1049,200168,505.36,235,671.95,0.1
1050,200418,826.32,250,673.51,0.1
1051,200668,644.19,250,672.54,0.1
1052,200918,616.26,250,672.86,0.1
1053,201168,581.66,250,676.58,0.1
1054,201418,788.09,250,676.8,0.1
1055,201668,775.89,250,680.58,0.1
1056,201768,-33.2,100,675.46,0.1
1057,202018,762.68,250,676.65,0.1
1058,202268,560.37,250,672.17,0.1
1059,202518,556.86,250,673.93,0.1
1060,202768,651.63,250,675.91,0.1
1061,203018,846.97,250,675.49,0.1
1062,203225,383.62,207,676.14,0.1
1063,203475,868.75,250,676.66,0.1
1064,203725,869.6,250,676.76,0.1
1065,203872,121.92,147,674.14,0.1
1066,204122,631.29,250,673.25,0.1
1067,204372,889.58,250,676.3,0.1
1068,204622,809.39,250,676.14,0.1
1069,204872,804.21,250,679.48,0.1
1070,205122,847.57,250,681.11,0.1
1071,205372,788.03,250,680.37,0.1
1072,205622,839.3,250,682.78,0.1
1073,205872,848.72,250,686.82,0.1
1074,206122,789.26,250,686.96,0.1
1075,206372,850.35,250,687.27,0.1
1076,206622,749.83,250,689.16,0.1
1077,206872,751.45,250,690.05,0.1
1078,207120,397.57,248,685.17,0.1
1079,207370,722.43,250,687.52,0.1
1080,207620,859.6,250,688.5,0.1
1081,207870,422.66,250,688.31,0.1
1082,208069,382.23,199,686.25,0.1
1083,208319,864.03,250,687.02,0.1
1084,208569,693.44,250,685.32,0.1
1085,208819,341.56,250,679.89,0.1
1086,209069,823.08,250,679.15,0.1
1087,209319,810.98,250,680.5,0.1
1088,209569,684.98,250,679.78,0.1
1089,209819,794.16,250,680.46,0.1
1090,210069,881.48,250,686.23,0.1
1091,210319,857.93,250,688.98,0.1
1092,210569,464.78,250,687.4,0.1
1093,210819,577.29,250,684.57,0.1
1094,211069,548.21,250,681.22,0.1
1095,211319,524.06,250,681.0,0.1
1096,211569,684.95,250,681.39,0.1
1097,211819,780.0,250,681.51,0.1
1098,212069,769.57,250,680.66,0.1
1099,212319,784.89,250,686.25,0.1
1100,212569,794.93,250,684.07,0.1
1101,212819,817.65,250,683.28,0.1
1102,213069,830.33,250,684.86,0.1
1103,213245,231.03,176,681.99,0.1
1104,213495,892.54,250,683.61,0.1
1105,213689,281.1,194,678.02,0.1
1106,213939,859.68,250,681.42,0.1
1107,214164,436.13,225,678.22,0.1
1108,214414,782.35,250,677.69,0.1
1109,214664,847.53,250,683.18,0.1
1110,214914,884.06,250,689.94,0.1
1111,215164,855.02,250,694.0,0.1
1112,215414,815.19,250,693.85,0.1
1113,215612,478.94,198,690.45,0.1
1114,215850,1005.1,238,692.94,0.1
1115,216100,571.38,250,691.29,0.1
1116,216350,620.24,250,688.73,0.1
1117,216600,462.7,250,685.35,0.1
1118,216850,801.06,250,684.7,0.1
1119,217100,737.13,250,683.35,0.1
1120,217350,574.5,250,680.71,0.1
1121,217600,868.35,250,684.7,0.1
1122,217850,858.33,250,686.48,0.1
1123,218100,456.23,250,685.22,0.1
1124,218350,873.98,250,688.94,0.1
1125,218600,810.65,250,689.25,0.1
1126,218850,580.85,250,686.82,0.1
1127,219100,824.4,250,692.01,0.1
1128,219350,552.3,250,688.92,0.1
1129,219600,896.2,250,693.55,0.1
1130,219850,821.05,250,695.78,0.1
1131,220100,848.45,250,696.39,0.1
1132,220350,889.09,250,697.82,0.1
1133,220600,596.25,250,695.37,0.1
1134,220850,789.57,250,695.51,0.1
1135,221100,616.98,250,697.79,0.1
1136,221350,867.32,250,700.62,0.1
1137,221600,882.46,250,702.69,0.1
1138,221850,860.66,250,704.2,0.1
1139,222100,862.12,250,706.03,0.1
1140,222350,643.24,250,704.48,0.1
1141,222600,815.79,250,704.07,0.1
1142,222850,838.46,250,705.2,0.1
1143,223074,1010.5,224,707.81,0.1
1144,223324,811.88,250,708.6,0.1
1145,223574,816.39,250,712.35,0.1
1146,223824,374.23,250,709.32,0.1
1147,224074,642.95,250,706.95,0.1
1148,224324,872.79,250,707.56,0.1
1149,224478,164.7,154,704.15,0.1
1150,224728,827.05,250,704.16,0.1
1151,224978,813.36,250,705.85,0.1
1152,225228,893.38,250,708.62,0.1
1153,225478,872.03,250,711.53,0.1
1154,225728,874.64,250,712.39,0.1
1155,225978,731.65,250,711.95,0.1
1156,226228,826.91,250,720.55,0.1
1157,226478,847.96,250,721.4,0.1
1158,226728,882.94,250,724.63,0.1
1159,226978,867.0,250,727.73,0.1
1160,227202,1010.6,224,731.32,0.1
1161,227452,890.2,250,731.75,0.1
1162,227702,420.2,250,732.12,0.1
1163,227952,879.66,250,732.23,0.1
1164,228202,848.45,250,732.02,0.1
1165,228411,259.83,209,733.39,0.1
1166,228661,855.63,250,735.64,0.1
1167,228911,841.63,250,735.16,0.1
1168,229161,765.9,250,734.72,0.1
1169,229411,467.49,250,731.36,0.1
1170,229661,828.57,250,731.17,0.1
1171,229911,880.92,250,732.1,0.1
1172,230161,740.28,250,731.11,0.1
1173,230411,878.72,250,731.41,0.1
1174,230661,310.6,250,726.62,0.1
1175,230911,670.59,250,724.82,0.1
1176,231161,786.27,250,725.19,0.1
1177,231411,861.4,250,726.28,0.1
1178,231661,805.3,250,730.36,0.1
1179,231911,892.4,250,732.06,0.1
1180,232161,678.23,250,730.25,0.1
1181,232411,859.32,250,734.61,0.1
1182,232661,853.33,250,739.33,0.1
1183,232911,884.96,250,739.53,0.1
1184,233161,862.59,250,741.23,0.1
1185,233411,842.97,250,746.24,0.1
1186,233661,664.9,250,744.66,0.1
1187,233911,660.0,250,743.15,0.1
1188,234161,845.58,250,744.75,0.1
1189,234411,851.05,250,745.32,0.1
1190,234661,755.77,250,744.07,0.1
1191,234873,415.2,212,739.64,0.1
1192,235123,670.73,250,741.7,0.1
1193,235373,745.9,250,743.38,0.1
1194,235623,769.13,250,745.59,0.1
1195,235873,822.22,250,748.58,0.1
1196,236123,865.12,250,750.38,0.1
1197,236338,1014.3,215,752.72,0.1
1198,236588,889.8,250,753.92,0.1
1199,236838,621.0,250,752.28,0.1
1200,237088,824.14,250,752.58,0.1
1201,237338,565.4,250,750.05,0.1
1202,237588,843.33,250,750.18,0.1
1203,237778,403.09,190,751.9,0.1
1204,238028,839.07,250,751.37,0.1
1205,238278,479.58,250,753.35,0.1
1206,238528,504.94,250,749.81,0.1
1207,238778,631.34,250,751.76,0.1
1208,239028,826.67,250,752.2,0.1
1209,239278,794.16,250,751.67,0.1
1210,239528,435.03,250,747.18,0.1
1211,239778,734.51,250,745.97,0.1
1212,239991,378.95,213,741.61,0.1
1213,240241,829.29,250,745.11,0.1
1214,240491,883.16,250,743.89,0.1
1215,240741,802.6,250,746.21,0.1
1216,240991,765.38,250,747.66,0.1
1217,241241,824.29,250,751.27,0.1
1218,241491,506.35,250,748.33,0.1
1219,241741,727.48,250,748.23,0.1
1220,241991,872.51,250,751.21,0.1
1221,242241,854.06,250,751.07,0.1
1222,242406,129.8,165,743.78,0.1
1223,242656,870.15,250,747.92,0.1
1224,242906,797.23,250,747.15,0.1
1225,243156,896.06,250,748.01,0.1
1226,243308,192.33,152,744.12,0.1
1227,243558,808.52,250,743.96,0.1
1228,243808,865.28,250,747.09,0.1
1229,244058,552.04,250,743.65,0.1
1230,244308,825.93,250,743.7,0.1
1231,244558,819.23,250,743.41,0.1
1232,244800,408.86,242,738.61,0.1
1233,245043,524.71,243,737.89,0.1
1234,245293,625.42,250,736.25,0.1
1235,245543,869.92,250,738.78,0.1
1236,245793,859.18,250,738.7,0.1
1237,246043,508.86,250,734.96,0.1
1238,246293,768.9,250,734.04,0.1
1239,246543,820.75,250,733.63,0.1
1240,246793,800.68,250,735.21,0.1
1241,246995,331.54,202,730.36,0.1
1242,247245,846.13,250,730.44,0.1
1243,247428,308.94,183,723.42,0.1
1244,247678,870.59,250,724.01,0.1
1245,247928,739.36,250,723.24,0.1
1246,248178,860.0,250,728.1,0.1
1247,248428,818.03,250,729.85,0.1
1248,248678,857.65,250,729.7,0.1
1249,248928,888.37,250,736.93,0.1
1250,249178,633.55,250,735.0,0.1
1251,249428,846.49,250,735.33,0.1
1252,249678,523.29,250,731.63,0.1
1253,249928,609.9,250,729.01,0.1
1254,250149,1011.8,221,730.38,0.1
1255,250399,834.87,250,731.41,0.1
1256,250649,825.53,250,731.4,0.1
1257,250899,728.38,250,730.2,0.1
1258,251149,804.26,250,729.42,0.1
1259,251399,763.06,250,728.38,0.1
1260,251649,841.61,250,726.69,0.1
1261,251899,844.44,250,726.23,0.1
1262,252149,867.21,250,730.7,0.1
1263,252399,836.76,250,730.27,0.1
1264,252649,879.24,250,730.58,0.1
1265,252899,858.04,250,736.56,0.1
1266,253149,809.75,250,736.1,0.1
1267,253399,871.93,250,736.4,0.1
1268,253649,760.63,250,736.35,0.1
1269,253899,843.93,250,740.12,0.1
1270,254149,760.0,250,739.43,0.1
1271,254399,823.91,250,738.86,0.1
1272,254649,824.19,250,739.7,0.1
1273,254899,771.19,250,738.62,0.1
1274,255149,829.29,250,743.81,0.1
1275,255399,804.44,250,745.15,0.1
1276,255620,492.02,221,742.21,0.1
1277,255870,729.19,250,740.88,0.1
1278,256120,841.58,250,741.25,0.1
1279,256370,812.39,250,740.45,0.1
1280,256620,727.34,250,740.94,0.1
1281,256870,458.56,250,736.93,0.1
1282,257052,241.85,182,730.82,0.1
1283,257300,299.08,248,724.96,0.1
1284,257550,802.91,250,724.36,0.1
1285,257800,744.07,250,723.37,0.1
1286,258050,876.03,250,725.48,0.1
1287,258273,309.61,223,721.98,0.1
1288,258523,377.61,250,717.3,0.1
1289,258773,864.43,250,717.43,0.1
1290,259023,800.38,250,717.88,0.1
1291,259273,865.16,250,722.38,0.1
1292,259460,288.55,187,718.56,0.1
1293,259710,885.13,250,719.95,0.1
1294,259956,1001.9,246,722.28,0.1
1295,260206,801.96,250,722.07,0.1
1296,260456,850.0,250,721.92,0.1
1297,260688,1007.3,232,721.85,0.1
1298,260938,603.83,250,718.99,0.1
1299,261188,690.94,250,719.69,0.1
1300,261438,749.82,250,718.95,0.1
1301,261688,869.18,250,721.99,0.1
1302,261938,408.96,250,717.64,0.1
1303,262188,571.87,250,719.33,0.1
1304,262438,645.7,250,717.4,0.1
1305,262688,830.07,250,720.9,0.1
1306,262938,591.13,250,721.76,0.1
1307,263123,218.6,185,717.64,0.1
1308,263373,765.72,250,717.03,0.1
1309,263623,692.33,250,716.01,0.1
1310,263873,788.89,250,719.55,0.1
1311,264123,873.06,250,720.93,0.1
1312,264373,859.26,250,725.74,0.1
1313,264623,789.66,250,725.34,0.1
1314,264873,870.2,250,725.21,0.1
1315,265123,712.87,250,724.31,0.1
1316,265373,876.27,250,725.42,0.1
1317,265623,885.77,250,726.04,0.1
1318,265873,882.08,250,729.79,0.1
1319,266123,717.12,250,729.69,0.1
1320,266373,893.17,250,729.9,0.1
1321,266623,868.2,250,730.04,0.1
1322,266873,763.16,250,736.37,0.1
1323,267123,552.78,250,733.2,0.1
1324,267373,831.65,250,733.54,0.1
1325,267623,858.21,250,733.16,0.1
1326,267873,844.06,250,739.68,0.1
1327,268123,651.59,250,738.11,0.1
1328,268373,868.31,250,738.14,0.1
1329,268623,822.3,250,740.85,0.1
1330,268873,763.16,250,740.22,0.1
1331,269047,302.66,174,735.05,0.1
1332,269297,780.95,250,738.77,0.1
1333,269446,128.52,149,734.81,0.1
1334,269696,861.54,250,737.17,0.1
1335,269946,827.49,250,736.75,0.1
1336,270196,653.42,250,734.69,0.1
1337,270446,826.53,250,737.87,0.1
1338,270696,870.8,250,738.89,0.1
1339,270946,583.12,250,736.51,0.1
1340,271196,869.7,250,737.2,0.1
1341,271446,859.56,250,742.48,0.1
1342,271696,877.44,250,742.79,0.1
1343,271946,896.31,250,748.67,0.1
1344,272196,896.76,250,748.93,0.1
1345,272446,618.54,250,747.72,0.1
1346,272696,884.31,250,747.96,0.1
1347,272946,764.52,250,747.43,0.1
1348,273196,886.35,250,747.72,0.1
1349,273446,849.42,250,747.33,0.1
1350,273696,878.02,250,749.77,0.1
1351,273946,633.92,250,747.65,0.1
1352,274196,810.03,250,750.51,0.1
1353,274420,854.94,224,752.96,0.1
1354,274670,882.88,250,751.67,0.1
1355,274920,798.31,250,751.31,0.1
1356,275170,308.81,250,746.14,0.1
1357,275420,763.35,250,746.49,0.1
1358,275670,854.98,250,747.0,0.1
1359,275912,475.18,242,744.12,0.1
1360,276162,878.95,250,744.49,0.1
1361,276412,840.56,250,744.45,0.1
1362,276662,671.68,250,742.5,0.1
1363,276912,796.45,250,742.1,0.1
1364,277108,286.93,196,736.17,0.1
1365,277358,836.45,250,735.96,0.1
1366,277608,683.27,250,734.69,0.1
1367,277858,749.42,250,733.47,0.1
1368,278068,392.82,210,729.79,0.1
1369,278318,790.03,250,729.25,0.1
1370,278568,645.45,250,728.1,0.1
1371,278818,852.21,250,728.39,0.1
1372,279012,227.56,194,722.42,0.1
1373,279262,834.07,250,723.05,0.1
1374,279512,741.22,250,722.17,0.1
1375,279762,687.88,250,721.0,0.1
1376,280012,881.27,250,724.9,0.1
1377,280262,871.63,250,726.32,0.1
1378,280512,786.99,250,725.77,0.1
1379,280762,660.87,250,724.26,0.1
1380,281012,864.29,250,725.63,0.1
1381,281262,896.68,250,730.01,0.1
1382,281512,870.48,250,736.3,0.1
1383,281762,841.38,250,741.72,0.1
1384,282012,612.37,250,739.81,0.1
1385,282262,866.22,250,741.03,0.1
1386,282512,780.0,250,740.07,0.1
1387,282717,294.15,205,739.92,0.1
1388,282967,514.62,250,741.29,0.1
1389,283217,766.88,250,740.31,0.1
1390,283432,395.88,215,736.27,0.1
1391,283682,783.72,250,735.46,0.1
1392,283932,691.81,250,739.49,0.1
1393,284182,815.49,250,738.79,0.1
1394,284432,407.65,250,732.85,0.1
1395,284670,391.39,238,728.74,0.1
1396,284920,631.54,250,726.56,0.1
1397,285170,846.24,250,724.95,0.1
1398,285420,638.46,250,725.29,0.1
1399,285670,783.21,250,726.22,0.1
1400,285920,651.82,250,725.24,0.1
1401,286170,867.74,250,725.22,0.1
1402,286420,862.12,250,729.75,0.1
1403,286670,820.89,250,732.24,0.1
1404,286920,410.09,250,729.89,0.1
1405,287156,491.05,236,726.5,0.1
1406,287370,1014.5,214,730.73,0.1
1407,287620,682.29,250,735.37,0.1
1408,287870,763.64,250,735.35,0.1
1409,288120,858.96,250,737.01,0.1
1410,288370,863.1,250,737.76,0.1
1411,288620,857.45,250,737.6,0.1
1412,288870,880.07,250,737.81,0.1
1413,289120,857.24,250,738.48,0.1
1414,289347,1009.4,227,739.88,0.1
1415,289590,1002.8,243,742.78,0.1
1416,289791,378.5,201,737.8,0.1
1417,290041,868.86,250,737.63,0.1
1418,290291,864.29,250,737.45,0.1
1419,290541,702.77,250,737.31,0.1
1420,290791,829.41,250,736.67,0.1
1421,291041,827.08,250,736.26,0.1
1422,291291,892.09,250,737.55,0.1
1423,291541,279.63,250,734.82,0.1
1424,291791,740.98,250,733.91,0.1
1425,292041,528.37,250,730.61,0.1
1426,292291,786.36,250,730.03,0.1
1427,292541,820.0,250,731.72,0.1
1428,292791,863.37,250,731.67,0.1
1429,293041,612.07,250,729.57,0.1
1430,293287,640.02,246,728.33,0.1
1431,293537,829.58,250,733.6,0.1
1432,293762,1010.0,225,735.89,0.1
1433,293978,1013.7,216,744.75,0.1
1434,294228,892.98,250,745.06,0.1
1435,294478,877.71,250,745.56,0.1
1436,294728,836.17,250,747.39,0.1
1437,294978,829.01,250,747.42,0.1
1438,295224,500.93,246,743.72,0.1
1439,295474,791.79,250,745.8,0.1
1440,295724,810.0,250,745.21,0.1
1441,295974,875.44,250,745.36,0.1
1442,296224,843.52,250,745.03,0.1
1443,296474,861.39,250,744.68,0.1
1444,296724,834.07,250,744.05,0.1
1445,296974,812.23,250,745.99,0.1
1446,297224,804.44,250,745.19,0.1
1447,297474,683.97,250,744.38,0.1
1448,297724,506.15,250,740.58,0.1
1449,297974,807.75,250,740.16,0.1
1450,298224,737.92,250,738.76,0.1
1451,298474,764.96,250,740.07,0.1
1452,298724,835.69,250,740.33,0.1
1453,298974,885.61,250,740.64,0.1
1454,299224,893.03,250,740.74,0.1
1455,299474,779.0,250,740.54,0.1
1456,299724,584.03,250,743.3,0.1
1457,299974,734.48,250,743.01,0.1
1458,300224,731.5,250,741.77,0.1
1459,300474,613.45,250,743.16,0.1
1460,300724,790.46,250,742.27,0.1
1461,300974,882.01,250,742.69,0.1
1462,301220,469.91,246,740.67,0.1
1463,301436,531.02,216,738.01,0.1
1464,301686,857.06,250,743.72,0.1
1465,301936,885.66,250,744.21,0.1
1466,302186,550.0,250,742.87,0.1
1467,302436,765.32,250,743.03,0.1
1468,302686,762.07,250,746.73,0.1
1469,302936,823.08,250,747.06,0.1
1470,303186,885.92,250,749.46,0.1
1471,303436,832.48,250,749.26,0.1
1472,303686,747.46,250,754.46,0.1
1473,303936,884.66,250,754.97,0.1
1474,304186,878.49,250,756.34,0.1
1475,304436,796.41,250,757.43,0.1
1476,304686,786.72,250,756.48,0.1
1477,304936,870.59,250,756.47,0.1
1478,305186,673.2,250,755.33,0.1
1479,305436,625.61,250,754.98,0.1
1480,305686,840.77,250,754.75,0.1
1481,305936,886.49,250,754.64,0.1
1482,306186,841.58,250,754.35,0.1
1483,306436,689.92,250,752.84,0.1
1484,306686,797.35,250,754.69,0.1
1485,306936,659.31,250,752.62,0.1
1486,307186,788.89,250,752.71,0.1
1487,307436,625.37,250,756.02,0.1
1488,307686,612.84,250,757.0,0.1
1489,307936,871.63,250,758.05,0.1
1490,308186,854.2,250,762.63,0.1
1491,308436,798.04,250,762.78,0.1
1492,308686,873.33,250,764.59,0.1
1493,308936,650.78,250,762.95,0.1
1494,309186,621.52,250,765.08,0.1
1495,309436,832.33,250,769.49,0.1
1496,309686,815.62,250,771.33,0.1
1497,309936,777.08,250,770.64,0.1
1498,310186,814.59,250,772.4,0.1
1499,310436,837.96,250,772.95,0.1
1500,310679,616.11,243,772.59,0.1
1501,310929,818.57,250,772.1,0.1
1502,311179,795.1,250,771.43,0.1
1503,311429,735.53,250,770.58,0.1
1504,311679,857.1,250,775.05,0.1
1505,311929,664.15,250,776.78,0.1
1506,312179,874.76,250,775.38,0.1
1507,312429,819.58,250,776.76,0.1
1508,312679,557.05,250,774.69,0.1
1509,312929,853.67,250,774.64,0.1
1510,313179,801.64,250,774.02,0.1
1511,313429,868.86,250,774.14,0.1
1512,313679,863.77,250,773.97,0.1
1513,313929,858.76,250,773.99,0.1
1514,314179,854.55,250,772.44,0.1
1515,314429,836.67,250,770.78,0.1
1516,314679,743.75,250,774.43,0.1
1517,314929,826.32,250,774.01,0.1
1518,315179,855.17,250,773.91,0.1
1519,315429,600.0,250,772.89,0.1
1520,315679,738.15,250,771.97,0.1
1521,315929,824.4,250,771.95,0.1
1522,316179,657.1,250,769.6,0.1
1523,316429,820.49,250,775.01,0.1
1524,316679,861.81,250,776.21,0.1
1525,316868,293.17,189,773.86,0.1
1526,317118,861.54,250,774.61,0.1
1527,317368,808.52,250,774.5,0.1
1528,317597,1008.7,229,775.95,0.1
1529,317847,767.86,250,777.51,0.1
1530,318097,850.88,250,779.62,0.1
1531,318347,799.28,250,779.32,0.1
1532,318597,775.43,250,776.97,0.1
1533,318847,868.75,250,775.52,0.1
1534,319097,666.77,250,773.26,0.1
1535,319347,701.3,250,771.49,0.1
1536,319597,700.0,250,770.13,0.1
1537,319847,633.13,250,768.17,0.1
1538,320097,517.94,250,768.34,0.1
1539,320347,858.49,250,769.01,0.1
1540,320597,842.24,250,769.33,0.1
1541,320847,586.41,250,766.44,0.1
1542,321097,880.33,250,766.81,0.1
1543,321332,1006.3,235,768.26,0.1
1544,321582,868.97,250,768.61,0.1
1545,321777,347.09,195,763.96,0.1
1546,322027,875.35,250,764.67,0.1
1547,322277,814.68,250,765.97,0.1
1548,322527,738.41,250,768.3,0.1
1549,322777,713.56,250,767.36,0.1
1550,323027,853.9,250,768.52,0.1
1551,323263,458.5,236,765.45,0.1
1552,323513,858.76,250,765.68,0.1
1553,323763,530.14,250,762.13,0.1
1554,324013,565.7,250,758.85,0.1
1555,324263,888.51,250,759.95,0.1
1556,324513,892.62,250,763.03,0.1
1557,324757,1002.4,244,765.71,0.1
1558,325007,852.54,250,766.92,0.1
1559,325257,759.42,250,768.38,0.1
1560,325507,803.46,250,768.51,0.1
1561,325757,786.03,250,767.55,0.1
1562,326007,844.64,250,771.3,0.1
1563,326257,770.5,250,773.7,0.1
1564,326507,853.41,250,773.66,0.1
1565,326757,780.5,250,772.61,0.1
1566,327007,803.11,250,775.14,0.1
1567,327257,795.9,250,775.44,0.1
1568,327507,870.04,250,776.52,0.1
1569,327713,314.95,206,771.44,0.1
1570,327963,865.03,250,771.23,0.1
1571,328213,419.57,250,767.11,0.1
1572,328463,833.75,250,767.97,0.1
1573,328660,440.14,197,763.52,0.1
